-1.000000,-0.000332,-0.041117,-0.003260,-0.035635
-1.000000,-0.000332,-0.041117,-0.003260,-0.035635
-1.000000,0.000000,0.000000,0.000000,0.000000
-1.000000,0.000000,0.000000,0.000000,0.000000
-1.000000,0.000000,0.000000,0.000000,0.000000
-1.000000,0.000000,0.000000,0.000000,0.000000
-1.000000,0.000000,0.000000,0.000000,0.000000
0,-0.045973,-0.670922,-0.290520,-3.378553, 
0,-0.045838,-0.670405,-0.290218,-3.378235, 
0,-0.045120,-0.669347,-0.289489,-3.377525, 
0,-0.045669,-0.669893,-0.290060,-3.379025, 
0,-0.045138,-0.669878,-0.289902,-3.378482, 
0,-0.047595,-0.673607,-0.291877,-3.382820, 
0,-0.046192,-0.671451,-0.290758,-3.381598, 
0,-0.044854,-0.669554,-0.289798,-3.379985, 
0,-0.044299,-0.668736,-0.289162,-3.379597, 
0,-0.051918,-0.680553,-0.295676,-3.391387, 
1,-0.046775,-0.671322,-0.290334,-3.377976,"Baseline"
0,-0.052264,-0.679239,-0.294830,-3.385799, 
0,-0.042925,-0.664896,-0.287625,-3.372110, 
0,-0.045283,-0.669685,-0.289696,-3.375676, 
0,-0.047471,-0.670326,-0.290351,-3.375438, 
0,-0.049455,-0.675131,-0.292550,-3.379722, 
0,-0.045275,-0.668661,-0.289495,-3.373583, 
0,-0.041750,-0.663030,-0.286809,-3.368245, 
0,-0.042813,-0.664981,-0.287309,-3.369202, 
0,-0.048477,-0.673141,-0.291160,-3.376194, 
0,-0.043002,-0.663606,-0.286688,-3.366863, 
0,-0.044926,-0.666885,-0.288491,-3.369444, 
0,-0.045807,-0.668612,-0.289597,-3.370944, 
0,-0.045040,-0.667179,-0.288751,-3.369243, 
0,-0.046550,-0.669019,-0.289741,-3.370667, 
0,-0.042876,-0.663426,-0.287045,-3.364979, 
0,-0.047989,-0.671924,-0.290689,-3.372368, 
0,-0.047416,-0.670811,-0.290165,-3.370750, 
0,-0.047355,-0.670849,-0.290372,-3.370468, 
0,-0.045777,-0.667494,-0.288671,-3.367177, 
0,-0.045958,-0.667666,-0.288683,-3.366615, 
0,-0.046016,-0.668197,-0.288939,-3.366630, 
0,-0.045868,-0.668398,-0.289277,-3.366891, 
0,-0.046038,-0.668519,-0.289191,-3.366769, 
0,-0.045904,-0.668041,-0.288807,-3.365708, 
0,-0.046254,-0.668200,-0.288696,-3.365241, 
0,-0.046037,-0.667943,-0.288918,-3.364997, 
0,-0.046191,-0.667639,-0.288643,-3.364355, 
0,-0.046239,-0.667517,-0.288664,-3.363536, 
0,-0.046212,-0.667529,-0.288622,-3.363107, 
0,-0.046261,-0.667765,-0.288511,-3.362687, 
0,-0.044783,-0.665044,-0.287417,-3.359456, 
0,-0.045759,-0.666070,-0.287520,-3.359403, 
0,-0.046270,-0.666806,-0.287575,-3.359656, 
0,-0.046430,-0.667221,-0.287708,-3.359194, 
0,-0.046179,-0.666818,-0.287939,-3.358647, 
0,-0.046566,-0.667972,-0.288593,-3.358661, 
0,-0.046397,-0.667138,-0.288090,-3.357116, 
0,-0.046141,-0.667087,-0.288046,-3.356730, 
0,-0.046014,-0.666488,-0.287591,-3.355783, 
0,-0.046393,-0.666930,-0.287648,-3.355657, 
0,-0.046403,-0.667428,-0.288095,-3.355394, 
0,-0.048617,-0.671197,-0.290154,-3.358683, 
0,-0.047370,-0.669483,-0.288998,-3.356067, 
0,-0.046766,-0.667875,-0.287714,-3.354177, 
0,-0.046834,-0.668450,-0.288515,-3.354673, 
0,-0.045929,-0.667060,-0.287915,-3.353430, 
0,-0.047316,-0.669261,-0.288794,-3.354778, 
0,-0.053298,-0.677706,-0.293451,-3.362604, 
0,-0.046955,-0.669008,-0.287820,-3.352652, 
0,-0.038001,-0.653861,-0.281034,-3.339852, 
0,-0.042562,-0.660561,-0.284705,-3.345227, 
0,-0.045326,-0.665749,-0.286904,-3.349645, 
0,-0.046267,-0.667095,-0.287363,-3.350011, 
0,-0.048461,-0.669756,-0.288662,-3.352615, 
0,-0.054290,-0.680066,-0.293898,-3.362603, 
0,-0.044934,-0.668464,-0.289680,-3.348435, 
0,-0.046394,-0.676772,-0.301383,-3.354550, 
0,-0.045102,-0.679270,-0.306483,-3.355896, 
0,-0.048598,-0.689513,-0.317961,-3.365133, 
0,-0.052320,-0.698354,-0.331102,-3.375640, 
0,-0.048687,-0.693127,-0.332171,-3.373090, 
0,-0.044357,-0.689297,-0.330431,-3.370487, 
0,-0.046072,-0.694528,-0.337524,-3.377896, 
0,-0.045944,-0.696393,-0.340524,-3.381679, 
0,-0.046218,-0.697297,-0.340060,-3.383536, 
0,-0.046159,-0.697833,-0.342438,-3.387144, 
0,-0.046301,-0.699276,-0.345347,-3.391310, 
0,-0.046316,-0.699954,-0.347199,-3.394389, 
0,-0.046489,-0.699853,-0.347891,-3.396488, 
0,-0.046490,-0.700347,-0.349397,-3.399079, 
0,-0.046463,-0.701170,-0.351380,-3.401972, 
0,-0.046453,-0.702191,-0.353071,-3.404954, 
0,-0.046480,-0.702605,-0.354132,-3.407465, 
0,-0.046023,-0.701910,-0.354305,-3.408394, 
0,-0.046630,-0.703222,-0.355997,-3.411594, 
0,-0.048419,-0.707049,-0.358835,-3.417529, 
0,-0.045074,-0.702304,-0.357522,-3.414624, 
0,-0.047219,-0.707082,-0.360435,-3.420774, 
0,-0.042395,-0.699555,-0.356912,-3.414830, 
0,-0.045439,-0.704349,-0.360145,-3.421512, 
0,-0.046627,-0.706905,-0.362351,-3.426019, 
0,-0.046781,-0.707632,-0.363389,-3.428666, 
0,-0.046441,-0.707483,-0.363893,-3.430568, 
0,-0.046531,-0.708403,-0.364934,-3.433252, 
0,-0.046626,-0.709058,-0.365999,-3.436103, 
0,-0.046680,-0.709467,-0.366873,-3.438794, 
0,-0.046733,-0.710017,-0.367633,-3.441328, 
0,-0.047169,-0.710504,-0.368087,-3.444021, 
0,-0.046895,-0.710220,-0.368385,-3.446005, 
0,-0.046847,-0.710975,-0.369694,-3.449117, 
0,-0.046885,-0.711758,-0.370184,-3.451694, 
0,-0.046805,-0.711210,-0.370289,-3.453610, 
0,-0.047003,-0.712531,-0.371572,-3.457195, 
0,-0.046862,-0.712795,-0.372160,-3.459737, 
0,-0.046905,-0.713235,-0.372734,-3.462546, 
0,-0.047031,-0.713167,-0.373023,-3.464634, 
0,-0.047112,-0.714022,-0.373881,-3.467500, 
0,-0.047150,-0.714867,-0.374757,-3.470520, 
0,-0.046759,-0.714627,-0.374828,-3.472635, 
0,-0.046759,-0.714949,-0.375481,-3.475343, 
0,-0.046716,-0.714847,-0.376110,-3.478234, 
0,-0.046734,-0.715582,-0.376510,-3.480744, 
0,-0.046695,-0.714951,-0.376333,-3.482533, 
0,-0.046696,-0.715778,-0.377803,-3.486205, 
0,-0.046785,-0.716422,-0.378357,-3.488892, 
0,-0.046717,-0.716612,-0.378875,-3.491083, 
0,-0.046830,-0.717343,-0.379921,-3.494416, 
0,-0.046675,-0.718034,-0.380686,-3.497287, 
0,-0.046647,-0.718110,-0.380957,-3.499710, 
0,-0.046762,-0.718112,-0.380777,-3.501422, 
0,-0.046681,-0.718258,-0.380793,-3.503276, 
0,-0.046662,-0.718150,-0.381663,-3.506118, 
0,-0.046627,-0.719803,-0.383033,-3.509326, 
0,-0.046665,-0.720182,-0.383772,-3.512147, 
0,-0.046668,-0.720018,-0.383563,-3.513894, 
0,-0.046596,-0.719197,-0.383362,-3.515109, 
0,-0.046627,-0.719494,-0.384268,-3.517957, 
0,-0.046612,-0.720388,-0.385256,-3.520742, 
0,-0.046600,-0.720908,-0.385867,-3.523241, 
0,-0.046524,-0.720575,-0.385716,-3.524979, 
0,-0.046553,-0.721018,-0.386026,-3.527128, 
0,-0.046662,-0.721513,-0.386884,-3.529814, 
0,-0.046682,-0.721649,-0.387706,-3.532340, 
0,-0.046537,-0.721958,-0.388276,-3.534335, 
0,-0.046523,-0.721263,-0.387756,-3.535389, 
0,-0.046416,-0.721575,-0.388542,-3.537782, 
0,-0.046414,-0.722205,-0.388888,-3.540226, 
0,-0.046466,-0.722708,-0.389384,-3.542077, 
0,-0.046435,-0.722513,-0.389514,-3.543727, 
0,-0.046404,-0.722717,-0.390197,-3.546210, 
0,-0.046414,-0.723512,-0.390783,-3.548723, 
0,-0.046411,-0.723150,-0.391073,-3.550638, 
0,-0.046786,-0.723772,-0.391724,-3.552904, 
0,-0.046368,-0.724088,-0.391554,-3.554142, 
0,-0.046313,-0.724140,-0.392104,-3.556166, 
0,-0.046342,-0.724444,-0.392474,-3.558326, 
0,-0.046268,-0.724512,-0.392741,-3.559945, 
0,-0.046256,-0.724538,-0.392738,-3.561216, 
0,-0.046274,-0.724818,-0.393555,-3.563560, 
0,-0.046249,-0.724988,-0.393909,-3.565489, 
0,-0.046228,-0.725500,-0.394633,-3.567635, 
0,-0.046149,-0.725105,-0.394538,-3.568748, 
0,-0.047922,-0.728220,-0.396564,-3.573417, 
0,-0.054112,-0.737910,-0.402090,-3.584879, 
0,-0.043076,-0.721472,-0.393377,-3.569661, 
0,-0.054566,-0.738899,-0.403690,-3.588833, 
0,-0.042060,-0.720212,-0.394103,-3.571620, 
0,-0.065353,-0.757078,-0.413508,-3.609851, 
0,-0.040889,-0.719315,-0.393877,-3.571000, 
0,-0.041699,-0.720386,-0.395090,-3.565593, 
0,-0.040385,-0.719170,-0.395034,-3.559823, 
0,-0.041329,-0.721075,-0.396131,-3.568876, 
0,-0.045352,-0.727264,-0.399300,-3.583380, 
0,-0.054209,-0.741559,-0.406443,-3.600164, 
0,-0.052500,-0.739945,-0.405410,-3.600391, 
0,-0.034430,-0.711069,-0.391328,-3.573615, 
0,-0.044903,-0.728218,-0.400769,-3.592461, 
0,-0.044508,-0.727486,-0.400884,-3.592884, 
0,-0.043560,-0.725549,-0.400439,-3.592217, 
0,-0.044607,-0.726870,-0.401274,-3.595105, 
0,-0.045817,-0.729723,-0.403272,-3.599432, 
0,-0.045000,-0.728999,-0.403340,-3.599574, 
0,-0.044968,-0.728647,-0.402979,-3.600460, 
0,-0.045611,-0.730082,-0.404113,-3.602964, 
0,-0.045430,-0.730371,-0.405066,-3.604344, 
0,-0.045703,-0.731374,-0.405941,-3.606485, 
0,-0.045692,-0.731826,-0.406813,-3.608199, 
0,-0.045682,-0.732224,-0.406956,-3.609448, 
0,-0.045855,-0.732752,-0.407228,-3.610876, 
0,-0.045611,-0.732238,-0.406965,-3.611425, 
0,-0.045743,-0.732661,-0.407514,-3.613180, 
0,-0.045805,-0.733183,-0.408128,-3.614522, 
0,-0.045790,-0.732852,-0.408010,-3.615186, 
0,-0.045829,-0.732837,-0.408295,-3.616469, 
0,-0.045792,-0.733313,-0.409058,-3.618020, 
0,-0.045843,-0.733672,-0.409592,-3.619020, 
0,-0.045836,-0.732816,-0.409330,-3.619556, 
0,-0.045832,-0.733549,-0.410606,-3.621894, 
0,-0.045934,-0.735096,-0.411982,-3.624177, 
0,-0.045793,-0.735568,-0.412371,-3.624999, 
0,-0.045848,-0.735532,-0.412769,-3.626083, 
0,-0.045858,-0.736016,-0.413500,-3.627649, 
0,-0.045898,-0.736480,-0.413715,-3.628706, 
0,-0.046096,-0.736704,-0.413781,-3.629661, 
0,-0.045193,-0.735042,-0.412972,-3.629229, 
0,-0.045316,-0.735933,-0.414123,-3.631372, 
0,-0.045887,-0.737293,-0.414440,-3.632913, 
0,-0.049914,-0.744158,-0.418371,-3.640836, 
0,-0.046485,-0.738280,-0.415947,-3.636417, 
0,-0.044173,-0.735044,-0.413883,-3.633548, 
0,-0.045560,-0.737240,-0.414962,-3.636955, 
0,-0.046941,-0.739148,-0.417110,-3.640157, 
0,-0.047185,-0.740492,-0.418580,-3.642501, 
0,-0.054063,-0.752357,-0.425108,-3.654697, 
0,-0.037282,-0.726259,-0.411574,-3.629929, 
0,-0.041211,-0.732235,-0.414289,-3.636802, 
0,-0.043681,-0.735636,-0.417053,-3.641447, 
0,-0.046325,-0.740819,-0.419724,-3.646580, 
0,-0.047899,-0.743125,-0.420758,-3.649869, 
0,-0.046062,-0.740435,-0.419872,-3.647918, 
0,-0.043636,-0.737186,-0.419072,-3.645809, 
0,-0.044923,-0.739657,-0.420464,-3.648686, 
0,-0.045374,-0.740346,-0.420961,-3.650264, 
0,-0.046728,-0.743230,-0.423308,-3.654128, 
0,-0.048769,-0.746772,-0.425222,-3.658294, 
0,-0.042565,-0.735947,-0.419949,-3.649110, 
0,-0.045642,-0.741590,-0.422839,-3.654740, 
0,-0.044192,-0.739799,-0.422266,-3.653737, 
0,-0.045407,-0.742196,-0.423223,-3.657027, 
0,-0.046218,-0.742988,-0.424127,-3.658863, 
0,-0.047473,-0.745594,-0.425059,-3.661884, 
0,-0.045019,-0.741784,-0.423639,-3.659116, 
0,-0.045065,-0.742177,-0.424271,-3.660363, 
0,-0.045291,-0.743129,-0.424949,-3.661793, 
0,-0.045421,-0.742787,-0.424755,-3.662302, 
0,-0.045474,-0.743774,-0.425371,-3.663884, 
0,-0.045711,-0.743895,-0.425293,-3.664769, 
0,-0.048860,-0.749624,-0.428467,-3.671061, 
0,-0.045326,-0.744283,-0.426575,-3.666548, 
0,-0.055402,-0.760603,-0.435686,-3.683198, 
0,-0.049579,-0.750852,-0.431065,-3.674658, 
0,-0.042862,-0.741791,-0.426334,-3.665950, 
0,-0.043948,-0.743071,-0.427452,-3.667887, 
0,-0.048103,-0.748405,-0.431880,-3.674742, 
0,-0.046367,-0.747322,-0.430654,-3.674094, 
0,-0.045406,-0.746095,-0.429731,-3.673052, 
0,-0.045344,-0.746252,-0.429546,-3.673235, 
0,-0.045266,-0.746582,-0.429752,-3.674081, 
2,-0.048325,-0.751545,-0.433944,-3.679660,"Interferent"
0,-0.045566,-0.748560,-0.432417,-3.677696, 
0,-0.045778,-0.744543,-0.431481,-3.673717, 
0,-0.049340,-0.752393,-0.435712,-3.679631, 
0,-0.041451,-0.750964,-0.432108,-3.681309, 
0,-0.047650,-0.751248,-0.434844,-3.682703, 
0,-0.059263,-0.770343,-0.446121,-3.703076, 
0,-0.034624,-0.763928,-0.424896,-3.665643, 
0,-0.046917,-0.838861,-0.434573,-3.686386, 
0,-0.045074,-0.887538,-0.433423,-3.689305, 
0,-0.050858,-0.945528,-0.438312,-3.702810, 
0,-0.049224,-0.967779,-0.437051,-3.706914, 
0,-0.050931,-0.991696,-0.437876,-3.715621, 
0,-0.049140,-1.015493,-0.438291,-3.721678, 
0,-0.049687,-1.051778,-0.439392,-3.729149, 
0,-0.058728,-1.096788,-0.446283,-3.748710, 
0,-0.045214,-1.105408,-0.435343,-3.734190, 
0,-0.046920,-1.129608,-0.438572,-3.741943, 
0,-0.048205,-1.153795,-0.440365,-3.749415, 
0,-0.048657,-1.175763,-0.440458,-3.756077, 
0,-0.049173,-1.193824,-0.440664,-3.762833, 
0,-0.049171,-1.208429,-0.441356,-3.768844, 
0,-0.049521,-1.225940,-0.441930,-3.774123, 
0,-0.049705,-1.244273,-0.442848,-3.780340, 
0,-0.049706,-1.256812,-0.443294,-3.787030, 
0,-0.049765,-1.272744,-0.443397,-3.793728, 
0,-0.049928,-1.294464,-0.443196,-3.799826, 
0,-0.049983,-1.300100,-0.443759,-3.806631, 
0,-0.049949,-1.306430,-0.444723,-3.813457, 
0,-0.050106,-1.315452,-0.444746,-3.819919, 
0,-0.050262,-1.329877,-0.444604,-3.825619, 
0,-0.050485,-1.346783,-0.444788,-3.831831, 
0,-0.050511,-1.357921,-0.444237,-3.837680, 
0,-0.050503,-1.370841,-0.446362,-3.843877, 
0,-0.050942,-1.372734,-0.447853,-3.850188, 
0,-0.050856,-1.375567,-0.448118,-3.856176, 
0,-0.050847,-1.387962,-0.448035,-3.861510, 
0,-0.052396,-1.392411,-0.450277,-3.869680, 
0,-0.058232,-1.405432,-0.455068,-3.884938, 
0,-0.057612,-1.419419,-0.455017,-3.889646, 
0,-0.032297,-1.382019,-0.435026,-3.856114, 
0,-0.056979,-1.426433,-0.455120,-3.901045, 
0,-0.045649,-1.416833,-0.445260,-3.887011, 
0,-0.052529,-1.433466,-0.451814,-3.903371, 
0,-0.048641,-1.432670,-0.449642,-3.903415, 
0,-0.050466,-1.440599,-0.451154,-3.911149, 
0,-0.049945,-1.450893,-0.450238,-3.914414, 
0,-0.049997,-1.459082,-0.452008,-3.920196, 
0,-0.050399,-1.458721,-0.453327,-3.926468, 
0,-0.050660,-1.467460,-0.453044,-3.932513, 
0,-0.050799,-1.477469,-0.453278,-3.937360, 
0,-0.050889,-1.478622,-0.455160,-3.942181, 
0,-0.050993,-1.481477,-0.456713,-3.947252, 
0,-0.050980,-1.477011,-0.456676,-3.952289, 
0,-0.050963,-1.477119,-0.455781,-3.956872, 
0,-0.051133,-1.490013,-0.456127,-3.962123, 
0,-0.051168,-1.493693,-0.457397,-3.967651, 
0,-0.051096,-1.493006,-0.458263,-3.971982, 
0,-0.051083,-1.491439,-0.459051,-3.976801, 
0,-0.051065,-1.490574,-0.459507,-3.981987, 
0,-0.051070,-1.488608,-0.459777,-3.986835, 
0,-0.051050,-1.489027,-0.460154,-3.991309, 
0,-0.051092,-1.495510,-0.461500,-3.995993, 
0,-0.051207,-1.492937,-0.462491,-4.000641, 
0,-0.050895,-1.495427,-0.462079,-4.004961, 
0,-0.051046,-1.498192,-0.462387,-4.009537, 
0,-0.051304,-1.499174,-0.462805,-4.014091, 
0,-0.051259,-1.510764,-0.463084,-4.017965, 
0,-0.051331,-1.516206,-0.464305,-4.023243, 
0,-0.051317,-1.516821,-0.464989,-4.027868, 
0,-0.051281,-1.515947,-0.464671,-4.032305, 
0,-0.051270,-1.520705,-0.464603,-4.037114, 
0,-0.051353,-1.524155,-0.464119,-4.041405, 
0,-0.051326,-1.530888,-0.464072,-4.045582, 
0,-0.051352,-1.532055,-0.465560,-4.050334, 
0,-0.051142,-1.527776,-0.466188,-4.054855, 
0,-0.051122,-1.527179,-0.465662,-4.058806, 
0,-0.051870,-1.539758,-0.465824,-4.064833, 
0,-0.051271,-1.544867,-0.466569,-4.068523, 
0,-0.053245,-1.545546,-0.468726,-4.076814, 
0,-0.053845,-1.549873,-0.469135,-4.081180, 
0,-0.050035,-1.550381,-0.466786,-4.079963, 
0,-0.052210,-1.551026,-0.469203,-4.087790, 
0,-0.052078,-1.541610,-0.469397,-4.092609, 
0,-0.054896,-1.549413,-0.471403,-4.101434, 
0,-0.051215,-1.544909,-0.468867,-4.100196, 
0,-0.049232,-1.537564,-0.467733,-4.101369, 
0,-0.049664,-1.537743,-0.469230,-4.105496, 
0,-0.050329,-1.541350,-0.469883,-4.110342, 
0,-0.050598,-1.543440,-0.470063,-4.114667, 
0,-0.050825,-1.548451,-0.471367,-4.118385, 
0,-0.050839,-1.547015,-0.472991,-4.121964, 
0,-0.050917,-1.544432,-0.472978,-4.126293, 
0,-0.050976,-1.547468,-0.472565,-4.130501, 
0,-0.051129,-1.559651,-0.472360,-4.134059, 
0,-0.051132,-1.560880,-0.473502,-4.138184, 
0,-0.051089,-1.554818,-0.473827,-4.141962, 
0,-0.051106,-1.555769,-0.473085,-4.146288, 
0,-0.051092,-1.557967,-0.473448,-4.150708, 
0,-0.051203,-1.564030,-0.474705,-4.154948, 
0,-0.051157,-1.563674,-0.475507,-4.157802, 
0,-0.051158,-1.569187,-0.476096,-4.161285, 
0,-0.051222,-1.573616,-0.476776,-4.165423, 
0,-0.051215,-1.571121,-0.476775,-4.170068, 
0,-0.051195,-1.578629,-0.475563,-4.173556, 
0,-0.051276,-1.584764,-0.475437,-4.176958, 
0,-0.051248,-1.580912,-0.475921,-4.181004, 
0,-0.051174,-1.579558,-0.476864,-4.184784, 
0,-0.051170,-1.576011,-0.477392,-4.188963, 
0,-0.051182,-1.583661,-0.477735,-4.192357, 
0,-0.051183,-1.578065,-0.478432,-4.195954, 
0,-0.051096,-1.570517,-0.479132,-4.199049, 
0,-0.051066,-1.567685,-0.479552,-4.202121, 
0,-0.051112,-1.570936,-0.479511,-4.205197, 
0,-0.051258,-1.568578,-0.480606,-4.208423, 
0,-0.051709,-1.569187,-0.481774,-4.212585, 
0,-0.051564,-1.568993,-0.481684,-4.216108, 
0,-0.050829,-1.567189,-0.481031,-4.218002, 
0,-0.051239,-1.574018,-0.480764,-4.221419, 
0,-0.054623,-1.596688,-0.483984,-4.229929, 
0,-0.060707,-1.599711,-0.490578,-4.242153, 
0,-0.046079,-1.575478,-0.478766,-4.223403, 
0,-0.073393,-1.618569,-0.501909,-4.267808, 
0,-0.056672,-1.592304,-0.489818,-4.246752, 
0,-0.055882,-1.584267,-0.489478,-4.249597, 
0,-0.059875,-1.598586,-0.492115,-4.257621, 
0,-0.035931,-1.568865,-0.470681,-4.223331, 
0,-0.057659,-1.593542,-0.490752,-4.258579, 
0,-0.054725,-1.582648,-0.488933,-4.257919, 
0,-0.050647,-1.580295,-0.485212,-4.254620, 
0,-0.051257,-1.583434,-0.486180,-4.258161, 
0,-0.051660,-1.577947,-0.487292,-4.262396, 
0,-0.051787,-1.576926,-0.488186,-4.265543, 
0,-0.051615,-1.580358,-0.488004,-4.268297, 
0,-0.051897,-1.590548,-0.488737,-4.271317, 
0,-0.051709,-1.588971,-0.488936,-4.274019, 
0,-0.051855,-1.588897,-0.490135,-4.277096, 
0,-0.051954,-1.593328,-0.491050,-4.280062, 
0,-0.051909,-1.593664,-0.490725,-4.282764, 
0,-0.052122,-1.600841,-0.491896,-4.285405, 
0,-0.051755,-1.603104,-0.493002,-4.287555, 
0,-0.051574,-1.603206,-0.493102,-4.290273, 
0,-0.052608,-1.595137,-0.493639,-4.294206, 
0,-0.052024,-1.597519,-0.492197,-4.296492, 
0,-0.052007,-1.607381,-0.492625,-4.299080, 
0,-0.052129,-1.610659,-0.493144,-4.301351, 
0,-0.052719,-1.617549,-0.493557,-4.304671, 
0,-0.051861,-1.610064,-0.493674,-4.305888, 
0,-0.052099,-1.609776,-0.494626,-4.309670, 
0,-0.052211,-1.605318,-0.494905,-4.313102, 
0,-0.052703,-1.603696,-0.495730,-4.316816, 
0,-0.051515,-1.594759,-0.495371,-4.318006, 
0,-0.053015,-1.600423,-0.496729,-4.322537, 
0,-0.051267,-1.595511,-0.495965,-4.322854, 
0,-0.051903,-1.595747,-0.497768,-4.326594, 
0,-0.053711,-1.596281,-0.498833,-4.332102, 
0,-0.051341,-1.602159,-0.495951,-4.330697, 
0,-0.049773,-1.598667,-0.495468,-4.331340, 
0,-0.065634,-1.619358,-0.509791,-4.359379, 
0,-0.047533,-1.592414,-0.494335,-4.335002, 
0,-0.047717,-1.596013,-0.494547,-4.337842, 
0,-0.052517,-1.604222,-0.498233,-4.347461, 
0,-0.046932,-1.593848,-0.493648,-4.341332, 
0,-0.049558,-1.605244,-0.496399,-4.347577, 
0,-0.056248,-1.627996,-0.503734,-4.360631, 
0,-0.049751,-1.611458,-0.499695,-4.354080, 
0,-0.049515,-1.605232,-0.499387,-4.356098, 
0,-0.051734,-1.609918,-0.501299,-4.361218, 
0,-0.055799,-1.620150,-0.505520,-4.368887, 
0,-0.056320,-1.622658,-0.507171,-4.372929, 
0,-0.070048,-1.647067,-0.518969,-4.396809, 
0,-0.070942,-1.650476,-0.520167,-4.401255, 
0,-0.090807,-1.671427,-0.539040,-4.433755, 
0,-0.054223,-1.617606,-0.507718,-4.385882, 
0,-0.050975,-1.612736,-0.504502,-4.380509, 
0,-0.052450,-1.613871,-0.506660,-4.384440, 
0,-0.051767,-1.610054,-0.506859,-4.385337, 
0,-0.048079,-1.611590,-0.502674,-4.381051, 
3,-0.041376,-1.602305,-0.498829,-4.376608,"Analyte Added"
0,-0.054390,-1.630108,-0.508439,-4.395500, 
0,-0.055673,-1.624191,-0.510164,-4.399680, 
0,-0.062544,-1.623978,-0.513888,-4.405747, 
0,-0.032487,-1.602257,-0.498425,-4.383874, 
0,-0.050705,-1.735837,-0.505091,-4.419969, 
0,-0.037375,-1.764783,-0.494885,-4.404950, 
0,-0.048640,-1.795849,-0.505320,-4.429105, 
0,-0.052386,-1.799030,-0.508280,-4.442318, 
0,-0.058796,-1.799583,-0.512589,-4.460437, 
0,-0.055268,-1.814850,-0.509750,-4.463551, 
0,-0.051982,-1.842986,-0.507987,-4.466652, 
0,-0.064003,-1.932117,-0.517202,-4.493104, 
0,-0.049905,-1.970573,-0.505988,-4.477734, 
0,-0.051348,-1.987135,-0.508870,-4.486089, 
0,-0.076391,-2.038282,-0.530372,-4.531226, 
0,-0.029066,-1.987378,-0.490369,-4.465783, 
0,-0.049317,-2.042945,-0.506954,-4.504712, 
0,-0.054985,-2.061801,-0.512248,-4.518944, 
0,-0.057794,-2.096308,-0.514712,-4.531944, 
0,-0.056099,-2.128628,-0.513078,-4.536477, 
0,-0.055493,-2.131413,-0.513993,-4.542729, 
0,-0.055253,-2.136151,-0.514318,-4.548861, 
0,-0.055460,-2.163544,-0.514345,-4.556590, 
0,-0.056296,-2.167169,-0.515290,-4.564770, 
0,-0.058358,-2.172722,-0.517611,-4.575049, 
0,-0.055645,-2.173339,-0.515904,-4.577943, 
0,-0.055147,-2.198152,-0.514747,-4.583974, 
0,-0.055518,-2.211508,-0.515589,-4.591238, 
0,-0.056545,-2.207234,-0.517658,-4.599590, 
0,-0.056037,-2.204327,-0.518066,-4.604264, 
0,-0.056107,-2.211911,-0.518189,-4.610486, 
0,-0.056600,-2.223106,-0.520081,-4.614608, 
0,-0.056564,-2.230695,-0.520700,-4.619655, 
0,-0.058678,-2.237800,-0.522463,-4.630298, 
0,-0.054235,-2.229701,-0.519280,-4.628927, 
0,-0.056279,-2.231578,-0.521578,-4.638555, 
0,-0.056685,-2.245708,-0.522103,-4.645049, 
0,-0.056678,-2.248848,-0.522775,-4.650561, 
0,-0.056724,-2.255284,-0.523214,-4.655243, 
0,-0.056933,-2.269769,-0.523644,-4.660582, 
0,-0.056882,-2.280819,-0.524628,-4.666361, 
0,-0.056815,-2.278114,-0.524545,-4.672598, 
0,-0.057005,-2.292264,-0.524001,-4.678315, 
0,-0.057153,-2.309040,-0.524915,-4.684737, 
0,-0.057066,-2.305982,-0.525784,-4.689388, 
0,-0.057043,-2.309486,-0.524769,-4.694254, 
0,-0.057282,-2.313348,-0.524868,-4.700144, 
0,-0.056993,-2.310988,-0.526013,-4.705364, 
0,-0.057024,-2.314116,-0.525570,-4.712034, 
0,-0.057268,-2.334611,-0.525306,-4.717869, 
0,-0.057232,-2.333236,-0.525067,-4.722779, 
0,-0.057424,-2.354569,-0.525055,-4.727254, 
0,-0.057485,-2.364539,-0.527225,-4.732156, 
0,-0.057286,-2.351201,-0.527894,-4.737932, 
0,-0.057390,-2.357077,-0.526714,-4.743369, 
0,-0.057535,-2.367440,-0.527190,-4.748025, 
0,-0.057565,-2.360470,-0.528428,-4.751091, 
0,-0.057567,-2.361662,-0.529914,-4.755337, 
0,-0.057342,-2.348206,-0.530890,-4.759402, 
0,-0.057358,-2.350276,-0.531041,-4.764235, 
0,-0.057299,-2.342961,-0.531308,-4.769742, 
0,-0.057259,-2.335380,-0.532527,-4.774301, 
0,-0.057248,-2.333346,-0.532635,-4.778485, 
0,-0.057439,-2.345020,-0.532584,-4.783557, 
0,-0.057281,-2.350069,-0.532817,-4.786855, 
0,-0.057339,-2.348605,-0.533112,-4.791958, 
0,-0.057422,-2.354513,-0.533682,-4.795688, 
0,-0.057563,-2.353250,-0.534575,-4.801157, 
0,-0.058475,-2.350220,-0.535232,-4.807859, 
0,-0.057458,-2.345824,-0.534876,-4.810980, 
0,-0.057435,-2.362936,-0.534994,-4.815004, 
0,-0.057464,-2.365755,-0.535542,-4.820075, 
0,-0.057468,-2.367235,-0.536432,-4.823714, 
0,-0.057597,-2.376924,-0.537637,-4.827550, 
0,-0.057204,-2.371168,-0.537178,-4.831944, 
0,-0.058011,-2.380397,-0.536859,-4.838206, 
0,-0.057507,-2.381875,-0.538419,-4.841905, 
0,-0.057518,-2.379841,-0.539038,-4.845557, 
0,-0.057678,-2.390297,-0.538442,-4.851509, 
0,-0.057721,-2.403227,-0.538018,-4.856624, 
0,-0.058104,-2.394694,-0.538440,-4.862557, 
0,-0.057314,-2.398887,-0.538853,-4.864679, 
0,-0.057662,-2.398046,-0.540725,-4.868600, 
0,-0.057547,-2.390357,-0.540670,-4.872522, 
0,-0.057490,-2.380623,-0.540189,-4.877472, 
0,-0.057603,-2.390751,-0.540288,-4.881729, 
0,-0.057771,-2.411449,-0.541021,-4.884960, 
0,-0.057737,-2.412524,-0.542682,-4.888704, 
0,-0.057679,-2.409086,-0.543727,-4.892016, 
0,-0.057618,-2.406024,-0.544389,-4.895778, 
0,-0.057515,-2.391487,-0.544207,-4.899669, 
0,-0.057446,-2.387461,-0.542886,-4.904342, 
0,-0.057627,-2.401740,-0.542090,-4.908198, 
0,-0.057633,-2.408126,-0.543867,-4.911060, 
0,-0.057510,-2.404565,-0.543488,-4.915762, 
0,-0.057754,-2.415567,-0.543211,-4.919526, 
0,-0.057846,-2.429465,-0.544544,-4.923083, 
0,-0.057776,-2.424033,-0.545203,-4.927627, 
0,-0.057727,-2.425316,-0.543738,-4.932336, 
0,-0.058018,-2.447689,-0.543707,-4.936271, 
0,-0.057997,-2.441557,-0.545336,-4.938877, 
0,-0.057979,-2.442632,-0.546115,-4.942427, 
0,-0.057812,-2.427492,-0.547665,-4.945913, 
0,-0.057937,-2.417713,-0.548238,-4.948671, 
0,-0.058082,-2.417546,-0.548524,-4.952071, 
0,-0.057493,-2.410444,-0.547651,-4.954642, 
0,-0.058021,-2.411499,-0.547545,-4.960482, 
0,-0.057882,-2.414030,-0.548400,-4.963491, 
0,-0.057892,-2.405166,-0.548343,-4.967612, 
0,-0.056704,-2.409369,-0.547433,-4.969183, 
0,-0.058702,-2.418330,-0.550189,-4.975730, 
0,-0.061633,-2.413258,-0.553048,-4.983995, 
0,-0.062230,-2.423005,-0.551889,-4.988270, 
0,-0.059341,-2.423857,-0.548640,-4.986983, 
0,-0.052791,-2.413597,-0.543728,-4.979408, 
0,-0.058676,-2.434852,-0.549264,-4.991722, 
0,-0.059485,-2.425592,-0.551039,-4.997102, 
0,-0.056554,-2.415845,-0.548347,-4.996680, 
0,-0.059203,-2.432072,-0.550478,-5.004590, 
0,-0.059229,-2.436190,-0.550395,-5.008208, 
0,-0.057728,-2.430527,-0.548900,-5.009813, 
0,-0.058512,-2.427057,-0.549787,-5.014930, 
0,-0.058350,-2.424083,-0.549031,-5.018099, 
0,-0.057895,-2.422170,-0.548631,-5.020286, 
0,-0.059201,-2.421171,-0.551556,-5.026701, 
0,-0.057388,-2.409735,-0.551046,-5.026157, 
0,-0.056236,-2.405733,-0.551239,-5.026753, 
0,-0.063895,-2.414906,-0.558889,-5.040142, 
0,-0.060706,-2.414777,-0.556875,-5.038710, 
0,-0.057811,-2.410237,-0.555101,-5.038232, 
0,-0.057912,-2.410810,-0.556567,-5.041533, 
4,-0.068698,-2.426315,-0.565405,-5.061286,"Analyte Added"
0,-0.052339,-2.416555,-0.549997,-5.040512, 
0,-0.058177,-2.437646,-0.553744,-5.050987, 
0,-0.058915,-2.430347,-0.555978,-5.054053, 
0,-0.059367,-2.437749,-0.559352,-5.062295, 
0,-0.060127,-2.435250,-0.559029,-5.063935, 
0,-0.058725,-2.428974,-0.557548,-5.066697, 
0,-0.056954,-2.461126,-0.555114,-5.067878, 
0,-0.059168,-2.485889,-0.559376,-5.076439, 
0,-0.065078,-2.510894,-0.565012,-5.093739, 
0,-0.060648,-2.552241,-0.561604,-5.093804, 
0,-0.044100,-2.590209,-0.547972,-5.073689, 
0,-0.074419,-2.668536,-0.571867,-5.128760, 
0,-0.065511,-2.688364,-0.564185,-5.122448, 
0,-0.045784,-2.707351,-0.547750,-5.098386, 
0,-0.074684,-2.764070,-0.573585,-5.148362, 
0,-0.059174,-2.751828,-0.560770,-5.132908, 
0,-0.067089,-2.797039,-0.566864,-5.151714, 
0,-0.055913,-2.793035,-0.557771,-5.141077, 
0,-0.071790,-2.836348,-0.570094,-5.173784, 
0,-0.063401,-2.859324,-0.564205,-5.166433, 
0,-0.058288,-2.856466,-0.561604,-5.163268, 
0,-0.058821,-2.849564,-0.563746,-5.168799, 
0,-0.060788,-2.867346,-0.566073,-5.176657, 
0,-0.061053,-2.885961,-0.565725,-5.184179, 
0,-0.059261,-2.898251,-0.563130,-5.188356, 
0,-0.065486,-2.914002,-0.568092,-5.206195, 
0,-0.074343,-2.964195,-0.574218,-5.228957, 
0,-0.049743,-2.949931,-0.554489,-5.194356, 
0,-0.061670,-2.971167,-0.566795,-5.218123, 
0,-0.059366,-2.967310,-0.566416,-5.217087, 
0,-0.063981,-2.972560,-0.570595,-5.230718, 
0,-0.061493,-2.973551,-0.566672,-5.233587, 
0,-0.062295,-2.992680,-0.567054,-5.241176, 
0,-0.062544,-2.995961,-0.568986,-5.246653, 
0,-0.062583,-3.013333,-0.569066,-5.252760, 
0,-0.062906,-3.022576,-0.570470,-5.259177, 
0,-0.062668,-3.017958,-0.571374,-5.264489, 
0,-0.062719,-3.025120,-0.571087,-5.270628, 
0,-0.062885,-3.035811,-0.572032,-5.276125, 
0,-0.062881,-3.032492,-0.572464,-5.281881, 
0,-0.063769,-3.032962,-0.573976,-5.288905, 
0,-0.062961,-3.040119,-0.574515,-5.292340, 
0,-0.062739,-3.044968,-0.574148,-5.297616, 
0,-0.063035,-3.045144,-0.574967,-5.302752, 
0,-0.063126,-3.043716,-0.576057,-5.306774, 
0,-0.062933,-3.048746,-0.576665,-5.311308, 
0,-0.062852,-3.053092,-0.577214,-5.316661, 
0,-0.062799,-3.051085,-0.576906,-5.322126, 
0,-0.062694,-3.051537,-0.576936,-5.327199, 
0,-0.062882,-3.068149,-0.576397,-5.332474, 
0,-0.062995,-3.065701,-0.577463,-5.338532, 
0,-0.062892,-3.076157,-0.577489,-5.344070, 
0,-0.063096,-3.100803,-0.576390,-5.349817, 
0,-0.063245,-3.123164,-0.577612,-5.354253, 
0,-0.063078,-3.124558,-0.578656,-5.358538, 
0,-0.063303,-3.115709,-0.580510,-5.363208, 
0,-0.062860,-3.095818,-0.581814,-5.366010, 
0,-0.062879,-3.095442,-0.581584,-5.370867, 
0,-0.062935,-3.101991,-0.580304,-5.375737, 
0,-0.063001,-3.108637,-0.581226,-5.380385, 
0,-0.062858,-3.098862,-0.581859,-5.384815, 
0,-0.062726,-3.100270,-0.581418,-5.389876, 
0,-0.061387,-3.111489,-0.581320,-5.392090, 
0,-0.062984,-3.125127,-0.583188,-5.397702, 
0,-0.063386,-3.113484,-0.583641,-5.402508, 
0,-0.063253,-3.125082,-0.583180,-5.405930, 
0,-0.063584,-3.133214,-0.583504,-5.410908, 
0,-0.063229,-3.123253,-0.584804,-5.414652, 
0,-0.063110,-3.121334,-0.586048,-5.419148, 
0,-0.063001,-3.110418,-0.585192,-5.424633, 
0,-0.062983,-3.119207,-0.584889,-5.428579, 
0,-0.063210,-3.131374,-0.586148,-5.432156, 
0,-0.063176,-3.134065,-0.585434,-5.437591, 
0,-0.063075,-3.131691,-0.584692,-5.442272, 
0,-0.062600,-3.122167,-0.586020,-5.446187, 
0,-0.063028,-3.115146,-0.587731,-5.450697, 
0,-0.062774,-3.112788,-0.587540,-5.453890, 
0,-0.062903,-3.122010,-0.586977,-5.457949, 
0,-0.063154,-3.122054,-0.588506,-5.461741, 
0,-0.062970,-3.120736,-0.588631,-5.465476, 
0,-0.062912,-3.137318,-0.587403,-5.469294, 
0,-0.062892,-3.151903,-0.588922,-5.472960, 
0,-0.062811,-3.139885,-0.590204,-5.476775, 
0,-0.062859,-3.142823,-0.588823,-5.481989, 
0,-0.062886,-3.154341,-0.589575,-5.485248, 
0,-0.062970,-3.163931,-0.590597,-5.489468, 
0,-0.062821,-3.156755,-0.591144,-5.492908, 
0,-0.063128,-3.147710,-0.590804,-5.499091, 
0,-0.062819,-3.158558,-0.589367,-5.502603, 
0,-0.062747,-3.158498,-0.590841,-5.505744, 
0,-0.062565,-3.161784,-0.591967,-5.507902, 
0,-0.061793,-3.173302,-0.591808,-5.509883, 
0,-0.060230,-3.158193,-0.590246,-5.511865, 
0,-0.062984,-3.174447,-0.592119,-5.520574, 
0,-0.061725,-3.183025,-0.591680,-5.521496, 
0,-0.063420,-3.189111,-0.595059,-5.526789, 
0,-0.062753,-3.175043,-0.595471,-5.529660, 
0,-0.062972,-3.159157,-0.595379,-5.534238, 
0,-0.062541,-3.169537,-0.592747,-5.538152, 
0,-0.062904,-3.184538,-0.592985,-5.541998, 
0,-0.062666,-3.183124,-0.594272,-5.544923, 
0,-0.062586,-3.168774,-0.594678,-5.547638, 
0,-0.062812,-3.176650,-0.594320,-5.551531, 
0,-0.062645,-3.181825,-0.593787,-5.553631, 
0,-0.062698,-3.175115,-0.594974,-5.558651, 
0,-0.062480,-3.154957,-0.595728,-5.561253, 
0,-0.062752,-3.179113,-0.595684,-5.565556, 
0,-0.062887,-3.185169,-0.597075,-5.566882, 
0,-0.062833,-3.186109,-0.597774,-5.569329, 
0,-0.062983,-3.189779,-0.598880,-5.572635, 
0,-0.062612,-3.179621,-0.599903,-5.575771, 
0,-0.062588,-3.170674,-0.600222,-5.578917, 
0,-0.062738,-3.174007,-0.599896,-5.581933, 
0,-0.062830,-3.178688,-0.599769,-5.584490, 
0,-0.062900,-3.175328,-0.599903,-5.589568, 
0,-0.062765,-3.175239,-0.599178,-5.593226, 
0,-0.062907,-3.172948,-0.599883,-5.596510, 
0,-0.062894,-3.184354,-0.598540,-5.600535, 
0,-0.062994,-3.194349,-0.598199,-5.604037, 
0,-0.062903,-3.193547,-0.599725,-5.606825, 
0,-0.063412,-3.195058,-0.599428,-5.610436, 
0,-0.063147,-3.184258,-0.600212,-5.613010, 
0,-0.063332,-3.166711,-0.600978,-5.616231, 
0,-0.063254,-3.162637,-0.600241,-5.620472, 
0,-0.062941,-3.152804,-0.600817,-5.622372, 
0,-0.063564,-3.154468,-0.601711,-5.626190, 
0,-0.063353,-3.176735,-0.601866,-5.627770, 
0,-0.063191,-3.191019,-0.603256,-5.630971, 
0,-0.063042,-3.177335,-0.604823,-5.632784, 
0,-0.063045,-3.184097,-0.604949,-5.635238, 
0,-0.063117,-3.190601,-0.604276,-5.638704, 
0,-0.062238,-3.186493,-0.603231,-5.640296, 
0,-0.062532,-3.198138,-0.602960,-5.644367, 
0,-0.063139,-3.211204,-0.605123,-5.646769, 
0,-0.063409,-3.215793,-0.607147,-5.648470, 
0,-0.063276,-3.206926,-0.607142,-5.651986, 
0,-0.063231,-3.191140,-0.607635,-5.654619, 
0,-0.063118,-3.192064,-0.607185,-5.656854, 
0,-0.063314,-3.209148,-0.607794,-5.659324, 
0,-0.063549,-3.215698,-0.609209,-5.662841, 
0,-0.063750,-3.219902,-0.609654,-5.665678, 
0,-0.063672,-3.217530,-0.608519,-5.669632, 
0,-0.062900,-3.204530,-0.609377,-5.669965, 
0,-0.062749,-3.200451,-0.609227,-5.673695, 
0,-0.062904,-3.199050,-0.609381,-5.676745, 
0,-0.062840,-3.196918,-0.610254,-5.679877, 
0,-0.062885,-3.195172,-0.610098,-5.683079, 
0,-0.063039,-3.220712,-0.610007,-5.686047, 
0,-0.063234,-3.229430,-0.610482,-5.688047, 
0,-0.063139,-3.235624,-0.610231,-5.691288, 
0,-0.063020,-3.225828,-0.609885,-5.694558, 
0,-0.063030,-3.228191,-0.608741,-5.697639, 
0,-0.063112,-3.241025,-0.609789,-5.700085, 
0,-0.063166,-3.245917,-0.610480,-5.703534, 
0,-0.062955,-3.236799,-0.611775,-5.705616, 
0,-0.062986,-3.234944,-0.611943,-5.708326, 
0,-0.063206,-3.253693,-0.610996,-5.710510, 
0,-0.062990,-3.245055,-0.612445,-5.713708, 
0,-0.062787,-3.234699,-0.612706,-5.716876, 
0,-0.062803,-3.231156,-0.612433,-5.719804, 
0,-0.061270,-3.217452,-0.612464,-5.719262, 
0,-0.064656,-3.210672,-0.616295,-5.727319, 
0,-0.070014,-3.218808,-0.621604,-5.738187, 
0,-0.061307,-3.195116,-0.614584,-5.725205, 
0,-0.069285,-3.207897,-0.621580,-5.741643, 
0,-0.060556,-3.191778,-0.616473,-5.728363, 
0,-0.054823,-3.193625,-0.610502,-5.723377, 
0,-0.057166,-3.209278,-0.611383,-5.726521, 
0,-0.062019,-3.224158,-0.616531,-5.736609, 
0,-0.061083,-3.220498,-0.617381,-5.737983, 
0,-0.062238,-3.211320,-0.619652,-5.741426, 
0,-0.062892,-3.205119,-0.620778,-5.743934, 
0,-0.062379,-3.212681,-0.618940,-5.747048, 
0,-0.062078,-3.224175,-0.618529,-5.748164, 
0,-0.062301,-3.223086,-0.620055,-5.750640, 
0,-0.060338,-3.211428,-0.619206,-5.749957, 
0,-0.062251,-3.213597,-0.619215,-5.756094, 
0,-0.063417,-3.209005,-0.620239,-5.760744, 
0,-0.062109,-3.196655,-0.619746,-5.760926, 
0,-0.061213,-3.197688,-0.620359,-5.760648, 
0,-0.061558,-3.201058,-0.621167,-5.763256, 
0,-0.062009,-3.203401,-0.622054,-5.765468, 
0,-0.062106,-3.208253,-0.623523,-5.766521, 
0,-0.062135,-3.216550,-0.623173,-5.769103, 
0,-0.062194,-3.218007,-0.622364,-5.772244, 
0,-0.062210,-3.230109,-0.620075,-5.775211, 
0,-0.062597,-3.242075,-0.620797,-5.778405, 
0,-0.062801,-3.238168,-0.621458,-5.781256, 
0,-0.063002,-3.228772,-0.621632,-5.783420, 
0,-0.063979,-3.234430,-0.621408,-5.787105, 
0,-0.061652,-3.233924,-0.620336,-5.787347, 
0,-0.061355,-3.229431,-0.621342,-5.788055, 
0,-0.062285,-3.232385,-0.621789,-5.791575, 
0,-0.062774,-3.250066,-0.621508,-5.793652, 
0,-0.062963,-3.246181,-0.623686,-5.795864, 
0,-0.062821,-3.237808,-0.624269,-5.798627, 
0,-0.062938,-3.250531,-0.622057,-5.800413, 
0,-0.062565,-3.257827,-0.621043,-5.802076, 
0,-0.062676,-3.254293,-0.622730,-5.804788, 
0,-0.062831,-3.253759,-0.622630,-5.808024, 
0,-0.063317,-3.275382,-0.621473,-5.810001, 
0,-0.062401,-3.271872,-0.623476,-5.809839, 
0,-0.069538,-3.259726,-0.631752,-5.822068, 
0,-0.084851,-3.260325,-0.645787,-5.846104, 
0,-0.056333,-3.207659,-0.623397,-5.805319, 
0,-0.059816,-3.206559,-0.623883,-5.813962, 
0,-0.061492,-3.209116,-0.625576,-5.818039, 
0,-0.061956,-3.223750,-0.625737,-5.819729, 
0,-0.063343,-3.222920,-0.627740,-5.824045, 
0,-0.064354,-3.225468,-0.629087,-5.827609, 
0,-0.064089,-3.221286,-0.629142,-5.829579, 
5,-0.065954,-3.223540,-0.629361,-5.835333,"Analyte Added"
0,-0.071525,-3.240595,-0.633840,-5.846088, 
0,-0.070090,-3.260359,-0.633472,-5.841447, 
0,-0.067634,-3.254026,-0.634187,-5.835114, 
0,-0.046164,-3.226431,-0.619687,-5.817005, 
0,-0.059243,-3.251600,-0.702974,-5.840159, 
0,-0.063672,-3.360450,-1.837734,-5.938897, 
0,-0.065681,-3.434758,-2.141420,-5.960156, 
0,-0.070146,-3.946311,-2.158699,-5.989980, 
0,-0.074453,-4.441452,-3.002655,-6.100804, 
0,-0.078572,-4.815467,-3.823070,-6.184644, 
0,-0.081459,-5.242817,-4.242848,-6.256839, 
0,-0.081960,-5.385655,-4.975298,-6.327097, 
0,-0.085244,-5.723452,-5.290959,-6.384011, 
0,-0.087582,-5.949584,-5.535756,-6.426435, 
0,-0.088868,-6.000199,-5.526288,-6.452747, 
0,-0.090471,-6.088938,-5.496528,-6.471410, 
0,-0.088731,-6.097333,-5.680595,-6.494028, 
0,-0.088122,-6.194796,-5.734805,-6.511930, 
0,-0.090401,-6.269422,-5.834324,-6.532570, 
0,-0.091251,-6.316164,-5.911302,-6.552359, 
0,-0.095257,-6.352754,-5.966091,-6.576631, 
0,-0.079646,-6.355264,-5.985104,-6.566251, 
0,-0.089371,-6.405880,-6.039072,-6.594565, 
0,-0.099420,-6.455273,-6.091567,-6.625215, 
0,-0.110051,-6.512293,-6.144255,-6.657460, 
0,-0.103640,-6.532983,-6.179487,-6.665491, 
0,-0.086343,-6.541749,-6.201080,-6.655124, 
0,-0.082913,-6.565083,-6.251991,-6.661104, 
0,-0.098915,-6.617451,-6.289405,-6.697997, 
0,-0.087564,-6.631602,-6.314036,-6.694419, 
0,-0.089875,-6.655615,-6.359218,-6.712539, 
0,-0.090597,-6.678125,-6.397350,-6.726037, 
0,-0.090695,-6.700456,-6.416489,-6.739220, 
0,-0.087916,-6.716663,-6.418453,-6.746671, 
0,-0.092779,-6.739007,-6.451327,-6.766521, 
0,-0.098023,-6.764477,-6.469410,-6.786601, 
0,-0.092156,-6.782070,-6.482343,-6.789503, 
0,-0.087330,-6.790000,-6.508373,-6.794170, 
0,-0.092902,-6.811423,-6.543371,-6.814746, 
0,-0.093222,-6.818516,-6.563534,-6.826029, 
0,-0.091377,-6.827520,-6.561812,-6.833915, 
0,-0.092407,-6.841150,-6.572507,-6.845875, 
0,-0.092923,-6.848695,-6.590943,-6.857372, 
0,-0.096571,-6.864065,-6.609522,-6.872023, 
0,-0.092709,-6.872392,-6.622824,-6.875344, 
0,-0.092754,-6.881005,-6.628893,-6.885470, 
0,-0.092559,-6.890613,-6.621233,-6.894414, 
0,-0.093407,-6.902217,-6.622717,-6.904321, 
0,-0.093461,-6.910187,-6.636125,-6.913641, 
0,-0.093566,-6.920231,-6.643866,-6.921460, 
0,-0.100261,-6.939340,-6.655458,-6.938801, 
0,-0.091482,-6.933541,-6.661373,-6.933041, 
0,-0.092777,-6.941496,-6.683451,-6.943034, 
0,-0.092950,-6.943204,-6.696177,-6.951095, 
0,-0.093974,-6.952081,-6.698695,-6.960408, 
0,-0.094116,-6.957845,-6.708752,-6.967495, 
0,-0.094089,-6.964831,-6.721470,-6.975266, 
0,-0.093816,-6.973503,-6.727964,-6.981900, 
0,-0.094331,-6.979912,-6.730420,-6.989592, 
0,-0.094262,-6.979762,-6.733006,-6.997620, 
0,-0.094384,-6.982541,-6.733989,-7.004969, 
0,-0.094477,-6.989644,-6.722257,-7.011317, 
0,-0.094465,-6.991363,-6.733534,-7.017599, 
0,-0.094481,-6.995517,-6.741735,-7.023843, 
0,-0.094673,-7.000769,-6.752638,-7.029391, 
0,-0.094409,-7.006858,-6.752139,-7.034079, 
0,-0.094563,-7.009163,-6.750331,-7.041426, 
0,-0.094531,-7.009546,-6.762881,-7.047604, 
0,-0.094663,-7.011454,-6.752420,-7.053148, 
0,-0.094698,-7.018113,-6.742420,-7.058620, 
0,-0.094611,-7.016969,-6.753698,-7.064535, 
0,-0.095042,-7.021350,-6.754238,-7.070120, 
0,-0.095218,-7.030402,-6.763965,-7.075069, 
0,-0.093796,-7.027621,-6.775570,-7.078037, 
0,-0.093667,-7.027879,-6.777145,-7.082743, 
0,-0.094088,-7.031740,-6.788268,-7.088151, 
0,-0.094366,-7.039403,-6.775293,-7.092878, 
0,-0.095174,-7.042150,-6.788535,-7.099201, 
0,-0.095107,-7.046343,-6.804718,-7.104195, 
0,-0.094785,-7.048838,-6.804328,-7.108218, 
0,-0.094720,-7.050937,-6.803332,-7.112513, 
0,-0.095173,-7.053271,-6.799288,-7.117804, 
0,-0.093651,-7.047929,-6.792528,-7.119942, 
0,-0.095321,-7.051051,-6.784141,-7.127053, 
0,-0.099301,-7.057178,-6.785314,-7.138192, 
0,-0.105289,-7.069234,-6.799739,-7.151974, 
0,-0.082921,-7.041565,-6.793331,-7.120322, 
0,-0.094825,-7.058277,-6.802347,-7.143103, 
0,-0.097089,-7.058901,-6.795700,-7.150126, 
0,-0.093713,-7.054151,-6.791519,-7.147988, 
0,-0.094695,-7.061103,-6.806389,-7.153080, 
0,-0.093765,-7.061227,-6.809205,-7.156351, 
0,-0.093996,-7.063855,-6.818091,-7.160422, 
0,-0.094292,-7.063882,-6.819102,-7.164527, 
0,-0.094137,-7.063456,-6.805550,-7.168381, 
0,-0.093922,-7.066218,-6.798457,-7.171417, 
0,-0.093754,-7.065175,-6.809190,-7.174662, 
0,-0.093823,-7.065377,-6.817672,-7.178442, 
0,-0.093726,-7.066271,-6.812191,-7.181086, 
0,-0.093775,-7.068664,-6.799059,-7.183659, 
0,-0.093267,-7.071520,-6.806811,-7.185757, 
0,-0.093242,-7.075539,-6.821636,-7.189843, 
0,-0.091629,-7.073374,-6.821461,-7.190147, 
0,-0.093409,-7.076113,-6.820430,-7.195614, 
0,-0.093143,-7.072534,-6.820056,-7.198473, 
0,-0.093668,-7.073698,-6.824455,-7.202269, 
0,-0.092604,-7.073949,-6.831139,-7.203829, 
0,-0.092063,-7.072572,-6.829730,-7.205764, 
0,-0.093780,-7.076963,-6.823527,-7.211473, 
0,-0.092239,-7.075697,-6.831084,-7.212184, 
0,-0.093157,-7.078575,-6.833704,-7.216231, 
0,-0.095025,-7.082944,-6.829284,-7.222137, 
0,-0.096515,-7.083878,-6.818896,-7.226808, 
0,-0.111827,-7.105662,-6.835287,-7.253934, 
0,-0.085438,-7.067768,-6.822105,-7.217260, 
0,-0.088373,-7.073643,-6.829942,-7.223086, 
0,-0.091930,-7.077893,-6.827044,-7.228784, 
0,-0.090776,-7.079572,-6.810016,-7.231944, 
0,-0.090536,-7.076556,-6.812094,-7.233668, 
0,-0.091987,-7.076181,-6.822237,-7.238009, 
0,-0.092463,-7.079016,-6.831831,-7.241518, 
6,-0.092479,-7.081357,-6.825945,-7.243701,"Test Substance Added"
0,-0.089178,-7.075920,-6.812745,-7.240815, 
7,-0.099152,-7.087757,-6.823649,-7.259677,"END OF CALIBRATION"
