-1.000000,-0.002327,-0.018892,-0.001960,-0.009596
-1.000000,-0.002327,-0.018892,-0.001960,-0.009596
-1.000000,0.000000,0.000000,0.000000,0.000000
-1.000000,0.000000,0.000000,0.000000,0.000000
-1.000000,0.000000,0.000000,0.000000,0.000000
-1.000000,0.000000,0.000000,0.000000,0.000000
-1.000000,0.000000,0.000000,0.000000,0.000000
0,-0.295426,-0.614325,-0.149472,-2.238540, 
0,-0.295379,-0.613602,-0.149589,-2.236165, 
0,-0.296990,-0.615503,-0.151732,-2.240446, 
0,-0.298841,-0.618697,-0.151665,-2.243484, 
0,-0.297642,-0.615433,-0.150276,-2.240305, 
0,-0.298188,-0.616563,-0.151341,-2.241782, 
0,-0.296807,-0.613757,-0.149005,-2.238802, 
0,-0.297552,-0.614721,-0.149409,-2.239814, 
0,-0.296373,-0.612441,-0.148880,-2.238110, 
0,-0.295634,-0.611422,-0.148902,-2.237452, 
1,-0.299599,-0.621843,-0.154059,-2.244896,"Baseline"
0,-0.295051,-0.614852,-0.149773,-2.236848, 
0,-0.294120,-0.613019,-0.148121,-2.233482, 
0,-0.289944,-0.609765,-0.145254,-2.230208, 
0,-0.296968,-0.617456,-0.151047,-2.237816, 
0,-0.305863,-0.621247,-0.150338,-2.241492, 
0,-0.518104,-0.692696,-0.186660,-2.314153, 
0,-0.634073,-0.594987,-0.133030,-2.211915, 
0,-1.168456,-0.656112,-0.154082,-2.284373, 
0,-1.640957,-0.661365,-0.161600,-2.351649, 
0,-1.906057,-0.671613,-0.167940,-2.430477, 
0,-1.890274,-0.678770,-0.183995,-2.534079, 
0,-1.930200,-0.681623,-0.191813,-2.606230, 
0,-1.922844,-0.686084,-0.197394,-2.660295, 
0,-1.882815,-0.717886,-0.213397,-2.725730, 
0,-1.836777,-0.682142,-0.195140,-2.730251, 
0,-1.841384,-0.723059,-0.217195,-2.806929, 
0,-1.837586,-0.704555,-0.206867,-2.819940, 
0,-1.829455,-0.695398,-0.202701,-2.846464, 
0,-1.826311,-0.698191,-0.203793,-2.880144, 
0,-1.829401,-0.699609,-0.204110,-2.909940, 
0,-1.832258,-0.701141,-0.205795,-2.941272, 
0,-1.834884,-0.702198,-0.206674,-2.972060, 
0,-1.837908,-0.702777,-0.207895,-3.001004, 
0,-1.841975,-0.703581,-0.207860,-3.023770, 
0,-1.845699,-0.704090,-0.207666,-3.044426, 
0,-1.852906,-0.711637,-0.213295,-3.078061, 
0,-1.870628,-0.728879,-0.225444,-3.122202, 
0,-1.864417,-0.714880,-0.214142,-3.123856, 
0,-1.861516,-0.712811,-0.212883,-3.142340, 
0,-1.859561,-0.712713,-0.213272,-3.163470, 
0,-1.864021,-0.714716,-0.213646,-3.184251, 
0,-1.866146,-0.715314,-0.214181,-3.205505, 
0,-1.869501,-0.716622,-0.213384,-3.222289, 
0,-1.869723,-0.718649,-0.214670,-3.242241, 
0,-1.870066,-0.721342,-0.214694,-3.260524, 
0,-1.866940,-0.719735,-0.212704,-3.273047, 
0,-1.877903,-0.739855,-0.222653,-3.308049, 
0,-1.893274,-0.764312,-0.234945,-3.351091, 
0,-1.866598,-0.712106,-0.209141,-3.316769, 
0,-1.876112,-0.724633,-0.213506,-3.341443, 
0,-1.871133,-0.705319,-0.207014,-3.335559, 
0,-1.869966,-0.706360,-0.206326,-3.344075, 
0,-1.875123,-0.717383,-0.211643,-3.370144, 
0,-1.879177,-0.718548,-0.213424,-3.387678, 
0,-1.881440,-0.717583,-0.213596,-3.399761, 
0,-1.880149,-0.718064,-0.212566,-3.409291, 
0,-1.879082,-0.716901,-0.211846,-3.419767, 
0,-1.880715,-0.717628,-0.213448,-3.435421, 
0,-1.884496,-0.719004,-0.213421,-3.446332, 
0,-1.887193,-0.719459,-0.214638,-3.458218, 
0,-1.886953,-0.719425,-0.215719,-3.470990, 
0,-1.888089,-0.720198,-0.214105,-3.479564, 
0,-1.889503,-0.720202,-0.215184,-3.491388, 
0,-1.888489,-0.720005,-0.216258,-3.505409, 
0,-1.889218,-0.720524,-0.217341,-3.516572, 
0,-1.892816,-0.722052,-0.217734,-3.527895, 
0,-1.892573,-0.722144,-0.218926,-3.542298, 
0,-1.894428,-0.723187,-0.218221,-3.551057, 
0,-1.895887,-0.724365,-0.218331,-3.558629, 
0,-1.898881,-0.724710,-0.220364,-3.569061, 
0,-1.899388,-0.723770,-0.219427,-3.574709, 
0,-1.897246,-0.722746,-0.218037,-3.578980, 
0,-1.897559,-0.722102,-0.217796,-3.584492, 
0,-1.901843,-0.721460,-0.217723,-3.593738, 
0,-1.903579,-0.720614,-0.217931,-3.602929, 
0,-1.905071,-0.720508,-0.219395,-3.613640, 
0,-1.909482,-0.720592,-0.218376,-3.621268, 
0,-1.914048,-0.721037,-0.217565,-3.627101, 
0,-1.917763,-0.721136,-0.218828,-3.635692, 
0,-1.917571,-0.720381,-0.220105,-3.646040, 
0,-1.921180,-0.720705,-0.220197,-3.653884, 
0,-1.924481,-0.724505,-0.222329,-3.661120, 
0,-1.923188,-0.722010,-0.221365,-3.666353, 
0,-1.922744,-0.720441,-0.220916,-3.674820, 
0,-1.924279,-0.721698,-0.221231,-3.682922, 
0,-1.929512,-0.722380,-0.222170,-3.690246, 
0,-1.930327,-0.723064,-0.222916,-3.698333, 
0,-1.928289,-0.723163,-0.222719,-3.703524, 
0,-1.931832,-0.724179,-0.223635,-3.711765, 
0,-1.934084,-0.725274,-0.222824,-3.716331, 
0,-1.933837,-0.725801,-0.224032,-3.721579, 
0,-1.930300,-0.726359,-0.224276,-3.728269, 
0,-1.931058,-0.726552,-0.223913,-3.733985, 
0,-1.933327,-0.728237,-0.224938,-3.742379, 
0,-1.931608,-0.727328,-0.224644,-3.745778, 
0,-1.932020,-0.727827,-0.224125,-3.749536, 
0,-1.932647,-0.727433,-0.224731,-3.754267, 
0,-1.932164,-0.727393,-0.223293,-3.757184, 
0,-1.934652,-0.728273,-0.223614,-3.763874, 
0,-1.934726,-0.727996,-0.223768,-3.769215, 
0,-1.936910,-0.728019,-0.224850,-3.776623, 
0,-1.936014,-0.729021,-0.225762,-3.783204, 
0,-1.929514,-0.726565,-0.223927,-3.783311, 
0,-1.926793,-0.727895,-0.224797,-3.789595, 
0,-1.931185,-0.729297,-0.226864,-3.797153, 
0,-1.930795,-0.727778,-0.224621,-3.798264, 
0,-1.927497,-0.728579,-0.225104,-3.802663, 
0,-1.930550,-0.729582,-0.227145,-3.809339, 
0,-1.933154,-0.728437,-0.225593,-3.811194, 
0,-1.933999,-0.729094,-0.226395,-3.816564, 
0,-1.936191,-0.730324,-0.227558,-3.822307, 
0,-1.937438,-0.730724,-0.228290,-3.827490, 
0,-1.937206,-0.730674,-0.227763,-3.830941, 
0,-1.934319,-0.730565,-0.227555,-3.833654, 
0,-1.933230,-0.731484,-0.228154,-3.838919, 
0,-1.935332,-0.732695,-0.227600,-3.841968, 
0,-1.936102,-0.733301,-0.228815,-3.844405, 
0,-1.934370,-0.733692,-0.230122,-3.851247, 
0,-1.935326,-0.734521,-0.230032,-3.858049, 
0,-1.934747,-0.735513,-0.230902,-3.864147, 
0,-1.935427,-0.736355,-0.230823,-3.866894, 
0,-1.936987,-0.737224,-0.229862,-3.868962, 
0,-1.935419,-0.737734,-0.229791,-3.871418, 
0,-1.936900,-0.738668,-0.230466,-3.875302, 
0,-1.940135,-0.739574,-0.230905,-3.878713, 
0,-1.941358,-0.739360,-0.231738,-3.882059, 
0,-1.941507,-0.737972,-0.231918,-3.884431, 
0,-1.939735,-0.737158,-0.231862,-3.885419, 
0,-1.936031,-0.735883,-0.231407,-3.887383, 
0,-1.934107,-0.734529,-0.231615,-3.890418, 
0,-1.935058,-0.734735,-0.229837,-3.893129, 
0,-1.932664,-0.734995,-0.229955,-3.896954, 
0,-1.934607,-0.735855,-0.231587,-3.901256, 
0,-1.936201,-0.736514,-0.231443,-3.905093, 
0,-1.935148,-0.737501,-0.231050,-3.907689, 
0,-1.936326,-0.738114,-0.231983,-3.911899, 
0,-1.938117,-0.739301,-0.232547,-3.915652, 
0,-1.941534,-0.739889,-0.232042,-3.916468, 
0,-1.940757,-0.739379,-0.231344,-3.915548, 
0,-1.937609,-0.738904,-0.232621,-3.919771, 
0,-1.939364,-0.739398,-0.233335,-3.923524, 
0,-1.939214,-0.740282,-0.233477,-3.926936, 
0,-1.936718,-0.740499,-0.232834,-3.927951, 
0,-1.937922,-0.740052,-0.232320,-3.927265, 
0,-1.935715,-0.739262,-0.232833,-3.929592, 
0,-1.938506,-0.739590,-0.232873,-3.933662, 
0,-1.941580,-0.740005,-0.233171,-3.937557, 
0,-1.942592,-0.740692,-0.234591,-3.943192, 
0,-1.943188,-0.741122,-0.234967,-3.946479, 
0,-1.943213,-0.741742,-0.236256,-3.949775, 
0,-1.941306,-0.742229,-0.236351,-3.952949, 
0,-1.940598,-0.743259,-0.236436,-3.956321, 
0,-1.940117,-0.743603,-0.236820,-3.960100, 
0,-1.940011,-0.744444,-0.237561,-3.963249, 
0,-1.942064,-0.744995,-0.236736,-3.963581, 
0,-1.942323,-0.745678,-0.238063,-3.965119, 
0,-1.942167,-0.746050,-0.238024,-3.970690, 
0,-1.940965,-0.746189,-0.237175,-3.970823, 
0,-1.941592,-0.746382,-0.235780,-3.970246, 
0,-1.943543,-0.746891,-0.235945,-3.971660, 
0,-1.941989,-0.747382,-0.236627,-3.973192, 
0,-1.942864,-0.747455,-0.237245,-3.976018, 
0,-1.944824,-0.748040,-0.238115,-3.980377, 
0,-1.946739,-0.748846,-0.238265,-3.983784, 
0,-1.945389,-0.749097,-0.237897,-3.985080, 
0,-1.945322,-0.748995,-0.237372,-3.986913, 
0,-1.945862,-0.749490,-0.238748,-3.990697, 
0,-1.945486,-0.750593,-0.237815,-3.991533, 
0,-1.944947,-0.751313,-0.237478,-3.992320, 
0,-1.944545,-0.751298,-0.239156,-3.996222, 
0,-1.945836,-0.751689,-0.238857,-3.996504, 
0,-1.943523,-0.751450,-0.237982,-3.996382, 
0,-1.941886,-0.751804,-0.238474,-3.999820, 
0,-1.943190,-0.752913,-0.238485,-4.003398, 
0,-1.946057,-0.754378,-0.240260,-4.008501, 
0,-1.945204,-0.754941,-0.241506,-4.013193, 
0,-1.943273,-0.754412,-0.241293,-4.012044, 
0,-1.943899,-0.754237,-0.240467,-4.011173, 
0,-1.945798,-0.753591,-0.240065,-4.012773, 
0,-1.945823,-0.753782,-0.241220,-4.017410, 
0,-1.946134,-0.754208,-0.241324,-4.021306, 
0,-1.946855,-0.754971,-0.241389,-4.023497, 
0,-1.946282,-0.755564,-0.239921,-4.023633, 
0,-1.945323,-0.756189,-0.240841,-4.025414, 
0,-1.944426,-0.756969,-0.240931,-4.026552, 
0,-1.944706,-0.757279,-0.241637,-4.029403, 
0,-1.945151,-0.757768,-0.241984,-4.031755, 
0,-1.944146,-0.758364,-0.243365,-4.035792, 
0,-1.943381,-0.759274,-0.242447,-4.035688, 
0,-1.943148,-0.759623,-0.243626,-4.037572, 
0,-1.942904,-0.759434,-0.243617,-4.039560, 
0,-1.942463,-0.760240,-0.243885,-4.043000, 
0,-1.942094,-0.760738,-0.244457,-4.045445, 
0,-1.943261,-0.761470,-0.244421,-4.044038, 
0,-1.944852,-0.761945,-0.244687,-4.048435, 
0,-1.944564,-0.762251,-0.244562,-4.050075, 
0,-1.942951,-0.762512,-0.243895,-4.050374, 
0,-1.944921,-0.763124,-0.243681,-4.050457, 
0,-1.945480,-0.762904,-0.243662,-4.051644, 
0,-1.945169,-0.762621,-0.244019,-4.053751, 
0,-1.944432,-0.762361,-0.245353,-4.055445, 
0,-1.943997,-0.762301,-0.244890,-4.054337, 
0,-1.942822,-0.762281,-0.245089,-4.055279, 
0,-1.939829,-0.762016,-0.244008,-4.054872, 
0,-1.940361,-0.761634,-0.244981,-4.058451, 
0,-1.945090,-0.762411,-0.245052,-4.060904, 
0,-1.946123,-0.761935,-0.246472,-4.064417, 
0,-1.946189,-0.762087,-0.246644,-4.065759, 
0,-1.944309,-0.761762,-0.246143,-4.065208, 
0,-1.940943,-0.761518,-0.245536,-4.065231, 
0,-1.940360,-0.761313,-0.247346,-4.068928, 
0,-1.943466,-0.761135,-0.246897,-4.070585, 
0,-1.942348,-0.760987,-0.246386,-4.070712, 
0,-1.939595,-0.760843,-0.246877,-4.072269, 
0,-1.939728,-0.761036,-0.247432,-4.074436, 
0,-1.940628,-0.761503,-0.246389,-4.073465, 
0,-1.940445,-0.761802,-0.246223,-4.073381, 
0,-1.942703,-0.762330,-0.247755,-4.077268, 
0,-1.944515,-0.763266,-0.248418,-4.079672, 
0,-1.944556,-0.763573,-0.249037,-4.081174, 
0,-1.943131,-0.763168,-0.247816,-4.078254, 
0,-1.942057,-0.763432,-0.247074,-4.077662, 
0,-1.943848,-0.763587,-0.247715,-4.081278, 
0,-1.946335,-0.764209,-0.248429,-4.085422, 
0,-1.948962,-0.765166,-0.247550,-4.085012, 
0,-1.948830,-0.765167,-0.248081,-4.085303, 
0,-1.949774,-0.765716,-0.249523,-4.089611, 
0,-1.952888,-0.765573,-0.249844,-4.092906, 
0,-1.954360,-0.767092,-0.250731,-4.095816, 
0,-1.952451,-0.767160,-0.251185,-4.096933, 
0,-1.954013,-0.767914,-0.251153,-4.097349, 
0,-1.953318,-0.767264,-0.250049,-4.096889, 
0,-1.951371,-0.767473,-0.250472,-4.098707, 
0,-1.951182,-0.766163,-0.250727,-4.097766, 
0,-1.950208,-0.766851,-0.250108,-4.095103, 
0,-1.946889,-0.764752,-0.250081,-4.094696, 
0,-1.949276,-0.765316,-0.250217,-4.099983, 
0,-1.951955,-0.766390,-0.250525,-4.102193, 
0,-1.953759,-0.768015,-0.251265,-4.105220, 
0,-1.953292,-0.767850,-0.252055,-4.108506, 
0,-1.955253,-0.769823,-0.253384,-4.114099, 
0,-1.955831,-0.768530,-0.252597,-4.113926, 
0,-1.957614,-0.769675,-0.252861,-4.116376, 
0,-1.957655,-0.769004,-0.252989,-4.117827, 
0,-1.956292,-0.768216,-0.252202,-4.116908, 
0,-1.959434,-0.770109,-0.252810,-4.117912, 
0,-1.959549,-0.768821,-0.252359,-4.116385, 
0,-1.962538,-0.769613,-0.252771,-4.117812, 
0,-1.963987,-0.770827,-0.253614,-4.120052, 
0,-1.963625,-0.769907,-0.252473,-4.119351, 
0,-1.961620,-0.770669,-0.254108,-4.123626, 
0,-1.958484,-0.769996,-0.254518,-4.125094, 
0,-1.957257,-0.771679,-0.253876,-4.125737, 
0,-1.959334,-0.773145,-0.253918,-4.126294, 
0,-1.960546,-0.773196,-0.253890,-4.127576, 
0,-1.960256,-0.773766,-0.253519,-4.128223, 
0,-1.959615,-0.773844,-0.254067,-4.129231, 
0,-1.959250,-0.773946,-0.254802,-4.131921, 
0,-1.961220,-0.774969,-0.254479,-4.133089, 
0,-1.959503,-0.774455,-0.255327,-4.135534, 
0,-1.959151,-0.773888,-0.255258,-4.137761, 
0,-1.962392,-0.772251,-0.256287,-4.140597, 
0,-1.964879,-0.771020,-0.257194,-4.141645, 
0,-1.965071,-0.771576,-0.256510,-4.140917, 
0,-1.962206,-0.770742,-0.256795,-4.141231, 
0,-1.961065,-0.769996,-0.257393,-4.143674, 
0,-1.963901,-0.770525,-0.256961,-4.144470, 
0,-1.966124,-0.769945,-0.256220,-4.143233, 
0,-1.965107,-0.770613,-0.256966,-4.145976, 
0,-1.965822,-0.770478,-0.258290,-4.147635, 
0,-1.967339,-0.770329,-0.257644,-4.146257, 
0,-1.965013,-0.769232,-0.256538,-4.144848, 
0,-1.963303,-0.768222,-0.257739,-4.148897, 
0,-1.964624,-0.768518,-0.258650,-4.152949, 
0,-1.964925,-0.768501,-0.258839,-4.155593, 
0,-1.968305,-0.768189,-0.258129,-4.155378, 
0,-1.968477,-0.769117,-0.258560,-4.155822, 
0,-1.967260,-0.768751,-0.257761,-4.155737, 
0,-1.965167,-0.770064,-0.259590,-4.159353, 
0,-1.964406,-0.769900,-0.258241,-4.157661, 
0,-1.965149,-0.770383,-0.257552,-4.156155, 
0,-1.966158,-0.769581,-0.258294,-4.157427, 
0,-1.967183,-0.770646,-0.258671,-4.158898, 
0,-1.967644,-0.770103,-0.258654,-4.159692, 
0,-1.968442,-0.771461,-0.260398,-4.163483, 
0,-1.970136,-0.770862,-0.260793,-4.165374, 
0,-1.970034,-0.770822,-0.260315,-4.166623, 
0,-1.970047,-0.770543,-0.260456,-4.164187, 
0,-1.970162,-0.770930,-0.259789,-4.166470, 
0,-1.971219,-0.771048,-0.258544,-4.165311, 
0,-1.973630,-0.772314,-0.260388,-4.168039, 
0,-1.975226,-0.770961,-0.260692,-4.167769, 
0,-1.974052,-0.771091,-0.261699,-4.170172, 
0,-1.971849,-0.771953,-0.261742,-4.172535, 
0,-1.971547,-0.771456,-0.259685,-4.169968, 
0,-1.971596,-0.771842,-0.260816,-4.171182, 
0,-1.974095,-0.771996,-0.261982,-4.173274, 
0,-1.973301,-0.771392,-0.261351,-4.173524, 
0,-1.970936,-0.772217,-0.260983,-4.173890, 
0,-1.970683,-0.772323,-0.262667,-4.175744, 
0,-1.972001,-0.772709,-0.262055,-4.175900, 
0,-1.973115,-0.773114,-0.261919,-4.177058, 
0,-1.973168,-0.773279,-0.263874,-4.179972, 
0,-1.975046,-0.773610,-0.263763,-4.179646, 
0,-1.975843,-0.773342,-0.264832,-4.181668, 
0,-1.975819,-0.773397,-0.265166,-4.183563, 
0,-1.977303,-0.775488,-0.265495,-4.185806, 
0,-1.975049,-0.777273,-0.265331,-4.186630, 
0,-1.980378,-0.785084,-0.270440,-4.197063, 
0,-1.999378,-0.815258,-0.285586,-4.228660, 
0,-1.986624,-0.790123,-0.274170,-4.206245, 
0,-1.980046,-0.779926,-0.267980,-4.196825, 
0,-1.978304,-0.773087,-0.263640,-4.188160, 
0,-1.978583,-0.774515,-0.262439,-4.185692, 
0,-1.974987,-0.768533,-0.260478,-4.180771, 
0,-1.975790,-0.774694,-0.264345,-4.187498, 
0,-1.976621,-0.778819,-0.264840,-4.189655, 
0,-1.980529,-0.788551,-0.270289,-4.199518, 
0,-1.975967,-0.782681,-0.266740,-4.193496, 
0,-1.973088,-0.773565,-0.261976,-4.185332, 
0,-1.981435,-0.787590,-0.268426,-4.198091, 
0,-1.973191,-0.773105,-0.261355,-4.183966, 
0,-1.976763,-0.778071,-0.264117,-4.189720, 
0,-1.976290,-0.780064,-0.265068,-4.192541, 
0,-1.978268,-0.783651,-0.266689,-4.196699, 
0,-1.979035,-0.784453,-0.266659,-4.197386, 
0,-1.978814,-0.785055,-0.267151,-4.198966, 
0,-1.981792,-0.787233,-0.270227,-4.204435, 
0,-1.982008,-0.783979,-0.269048,-4.202999, 
0,-1.979762,-0.781824,-0.267826,-4.201551, 
0,-1.992498,-0.804605,-0.279702,-4.223746, 
0,-1.995862,-0.808800,-0.282753,-4.230868, 
0,-1.975176,-0.773934,-0.264696,-4.198126, 
0,-1.981415,-0.787111,-0.270832,-4.210779, 
0,-1.961830,-0.748720,-0.252534,-4.174786, 
0,-2.002467,-0.811775,-0.286340,-4.234835, 
0,-2.005079,-0.814010,-0.292427,-4.246050, 
0,-1.981671,-0.780701,-0.270848,-4.211408, 
0,-1.976741,-0.779077,-0.270161,-4.210180, 
0,-1.974308,-0.784094,-0.269911,-4.214981, 
2,-1.961627,-0.758231,-0.257539,-4.190151,"Interferent"
0,-1.987938,-0.797886,-0.277803,-4.227501, 
0,-1.985847,-0.793263,-0.277360,-4.228418, 
0,-1.973842,-0.769737,-0.267122,-4.200998, 
0,-1.963062,-0.795961,-0.254905,-4.186602, 
0,-1.973929,-0.831312,-0.263288,-4.201396, 
0,-1.982538,-0.848279,-0.270877,-4.219350, 
0,-1.989479,-0.867569,-0.278141,-4.236158, 
0,-1.990823,-0.876392,-0.281294,-4.242359, 
0,-1.978196,-0.864002,-0.271125,-4.225240, 
0,-1.974044,-0.867274,-0.266831,-4.222061, 
0,-1.973626,-0.881088,-0.267477,-4.227174, 
0,-1.978000,-0.908918,-0.271506,-4.235584, 
0,-1.981116,-0.937418,-0.274987,-4.242861, 
0,-1.984796,-0.954588,-0.275867,-4.247921, 
0,-1.984933,-0.967625,-0.275400,-4.245197, 
0,-1.981427,-0.981364,-0.276098,-4.250841, 
0,-1.979998,-0.996283,-0.277760,-4.258741, 
0,-1.990776,-1.018398,-0.285448,-4.275541, 
0,-1.977086,-1.004294,-0.273792,-4.256465, 
0,-1.982303,-1.025261,-0.279853,-4.270770, 
0,-1.985413,-1.035528,-0.281338,-4.275804, 
0,-1.985077,-1.043196,-0.280978,-4.276780, 
0,-1.981860,-1.050904,-0.282054,-4.278191, 
0,-1.982909,-1.058727,-0.282938,-4.281081, 
0,-1.987732,-1.063703,-0.282622,-4.284430, 
0,-1.988351,-1.068994,-0.282856,-4.285468, 
0,-1.986450,-1.075069,-0.283508,-4.285121, 
0,-1.983658,-1.081312,-0.283930,-4.287586, 
0,-1.983489,-1.085643,-0.282821,-4.289453, 
0,-1.984864,-1.089819,-0.282558,-4.289618, 
0,-1.985586,-1.095144,-0.283824,-4.291550, 
0,-1.985910,-1.098484,-0.283015,-4.294013, 
0,-1.986984,-1.102802,-0.282963,-4.297748, 
0,-1.985854,-1.107029,-0.282813,-4.298852, 
0,-1.985174,-1.111662,-0.282962,-4.301730, 
0,-1.984478,-1.116432,-0.283001,-4.302757, 
0,-1.984209,-1.120063,-0.284397,-4.302417, 
0,-1.983118,-1.123732,-0.286311,-4.304511, 
0,-1.985020,-1.125607,-0.285611,-4.306865, 
0,-1.984734,-1.128318,-0.285255,-4.307931, 
0,-1.987604,-1.128839,-0.285960,-4.310793, 
0,-1.989088,-1.129227,-0.285839,-4.313208, 
0,-1.985930,-1.131519,-0.285118,-4.312950, 
0,-1.986309,-1.133873,-0.285774,-4.312326, 
0,-1.988330,-1.134894,-0.286595,-4.315908, 
0,-1.989873,-1.137139,-0.285843,-4.318609, 
0,-1.990176,-1.139737,-0.285504,-4.319583, 
0,-1.990258,-1.141118,-0.285903,-4.320456, 
0,-1.989609,-1.141338,-0.285227,-4.320049, 
0,-1.988120,-1.143305,-0.285709,-4.320532, 
0,-1.987158,-1.145829,-0.285454,-4.319081, 
0,-1.987916,-1.146510,-0.285119,-4.318033, 
0,-1.990269,-1.145887,-0.286547,-4.320760, 
0,-1.991599,-1.147486,-0.286737,-4.324315, 
0,-1.990249,-1.149066,-0.287013,-4.325608, 
0,-1.989048,-1.150731,-0.288153,-4.325975, 
0,-1.991208,-1.150494,-0.288437,-4.327869, 
0,-1.992251,-1.150910,-0.288943,-4.329450, 
0,-1.990805,-1.154030,-0.289650,-4.330813, 
0,-1.987933,-1.157372,-0.290129,-4.332204, 
0,-1.989814,-1.157990,-0.289202,-4.331370, 
0,-1.991102,-1.158283,-0.290714,-4.333394, 
0,-1.995839,-1.167554,-0.294123,-4.344220, 
0,-2.007541,-1.184382,-0.302722,-4.362349, 
0,-1.989663,-1.154174,-0.286679,-4.333439, 
0,-2.002304,-1.173057,-0.295566,-4.354071, 
0,-2.014016,-1.196056,-0.306040,-4.378518, 
0,-2.007400,-1.189176,-0.301852,-4.371187, 
0,-1.979612,-1.134251,-0.274870,-4.317921, 
0,-1.985685,-1.143633,-0.280597,-4.327620, 
0,-2.001285,-1.177398,-0.296602,-4.361159, 
0,-1.987919,-1.157880,-0.286667,-4.338982, 
0,-1.991309,-1.160372,-0.289563,-4.342251, 
0,-1.992116,-1.163230,-0.290225,-4.346371, 
0,-1.994088,-1.165039,-0.290859,-4.348533, 
0,-1.993164,-1.165641,-0.291967,-4.349028, 
0,-1.992461,-1.167654,-0.292825,-4.350477, 
0,-1.994377,-1.165906,-0.292702,-4.350407, 
0,-1.994849,-1.166807,-0.292029,-4.350052, 
0,-1.993726,-1.169713,-0.292378,-4.351711, 
0,-1.993664,-1.171678,-0.291945,-4.351963, 
0,-1.994895,-1.172307,-0.291900,-4.353099, 
0,-1.995182,-1.171245,-0.291983,-4.355129, 
0,-1.996632,-1.173045,-0.293268,-4.358446, 
0,-1.997706,-1.174371,-0.293962,-4.361300, 
0,-1.997169,-1.175796,-0.293694,-4.362400, 
0,-1.996327,-1.177264,-0.294607,-4.363373, 
0,-1.995514,-1.177803,-0.294600,-4.363823, 
0,-1.996462,-1.177393,-0.294091,-4.363623, 
0,-1.998415,-1.175844,-0.294258,-4.365577, 
0,-2.000080,-1.176102,-0.294588,-4.367644, 
0,-1.998296,-1.177224,-0.295623,-4.368259, 
0,-1.996831,-1.179366,-0.296153,-4.366918, 
0,-1.996466,-1.180166,-0.296213,-4.367548, 
0,-1.997250,-1.181005,-0.295684,-4.368404, 
0,-1.996968,-1.181245,-0.295755,-4.366777, 
0,-1.996989,-1.180700,-0.296603,-4.368126, 
0,-1.999317,-1.179819,-0.296816,-4.370053, 
0,-2.000138,-1.179956,-0.297285,-4.371128, 
0,-1.999356,-1.180088,-0.297760,-4.371598, 
0,-1.996654,-1.181742,-0.297440,-4.371654, 
0,-1.995355,-1.182319,-0.296124,-4.370980, 
0,-1.997400,-1.182716,-0.296625,-4.373641, 
0,-1.998939,-1.181957,-0.296171,-4.374019, 
0,-1.999831,-1.182995,-0.297063,-4.375285, 
0,-2.000068,-1.184513,-0.297030,-4.375559, 
0,-1.999811,-1.184885,-0.296642,-4.374839, 
0,-1.999308,-1.186077,-0.297186,-4.376307, 
0,-2.000345,-1.186494,-0.297143,-4.376577, 
0,-1.998858,-1.187936,-0.297210,-4.377837, 
0,-1.998709,-1.189598,-0.298072,-4.379670, 
0,-1.998942,-1.189548,-0.298529,-4.382624, 
0,-2.000017,-1.189286,-0.298888,-4.383408, 
0,-1.998405,-1.190428,-0.298422,-4.382771, 
0,-1.997561,-1.191418,-0.298164,-4.382992, 
0,-2.000500,-1.190027,-0.298235,-4.383739, 
0,-2.001897,-1.189111,-0.298634,-4.382448, 
0,-2.002747,-1.187516,-0.298494,-4.380397, 
0,-2.002385,-1.186916,-0.297707,-4.379367, 
0,-2.001520,-1.187515,-0.296955,-4.377701, 
0,-2.001938,-1.185814,-0.298007,-4.378104, 
0,-2.000192,-1.186139,-0.299133,-4.380970, 
0,-1.999363,-1.187616,-0.299863,-4.383200, 
0,-2.000581,-1.187979,-0.299732,-4.384163, 
0,-2.001955,-1.187117,-0.300483,-4.387138, 
0,-2.001684,-1.188946,-0.300263,-4.388352, 
0,-2.002634,-1.189814,-0.300154,-4.388138, 
0,-2.005321,-1.189469,-0.300624,-4.389359, 
0,-2.007845,-1.188448,-0.301161,-4.389501, 
0,-2.006536,-1.189060,-0.301154,-4.385208, 
0,-2.005698,-1.188543,-0.300606,-4.387921, 
0,-2.005010,-1.189507,-0.301797,-4.388189, 
0,-2.005271,-1.189916,-0.301902,-4.388269, 
0,-2.006503,-1.189754,-0.302643,-4.389454, 
0,-2.005308,-1.189663,-0.302821,-4.388324, 
0,-2.004217,-1.190783,-0.302999,-4.387767, 
0,-2.003744,-1.191636,-0.302959,-4.390982, 
0,-2.005764,-1.191276,-0.302095,-4.392156, 
0,-2.006159,-1.191765,-0.302098,-4.393412, 
0,-2.004970,-1.193069,-0.303233,-4.395610, 
0,-2.005626,-1.193530,-0.303746,-4.397034, 
0,-2.005195,-1.194711,-0.304653,-4.398806, 
0,-2.003691,-1.196899,-0.304632,-4.399124, 
0,-2.004714,-1.196100,-0.304602,-4.397770, 
0,-2.006518,-1.195373,-0.304307,-4.397434, 
0,-2.007012,-1.197142,-0.303971,-4.398400, 
0,-2.008244,-1.196952,-0.302923,-4.398016, 
0,-2.007967,-1.197479,-0.304898,-4.398876, 
0,-2.008215,-1.198180,-0.304940,-4.398465, 
0,-2.005685,-1.199584,-0.303455,-4.397593, 
0,-2.005846,-1.200472,-0.302978,-4.399133, 
0,-2.009978,-1.199320,-0.303656,-4.401266, 
0,-2.007211,-1.201157,-0.304857,-4.402543, 
0,-2.006556,-1.204193,-0.304751,-4.402834, 
0,-2.004348,-1.197103,-0.302762,-4.397107, 
0,-2.006284,-1.199911,-0.303695,-4.400187, 
0,-2.006902,-1.200440,-0.304270,-4.401052, 
0,-2.008480,-1.200544,-0.304695,-4.403076, 
0,-2.009276,-1.200022,-0.305538,-4.405823, 
0,-2.006517,-1.201869,-0.305201,-4.406087, 
0,-2.005076,-1.202066,-0.303848,-4.403537, 
0,-2.005105,-1.200589,-0.303345,-4.404169, 
0,-2.009645,-1.199731,-0.304617,-4.405019, 
0,-2.010823,-1.199408,-0.304254,-4.404006, 
0,-2.011159,-1.200566,-0.305307,-4.405986, 
0,-2.009785,-1.201705,-0.305214,-4.405543, 
0,-2.010433,-1.202327,-0.305413,-4.406254, 
0,-2.010617,-1.202767,-0.306669,-4.408484, 
0,-2.012011,-1.202935,-0.306470,-4.409666, 
0,-2.012222,-1.203577,-0.306292,-4.409131, 
0,-2.011354,-1.203921,-0.306763,-4.409395, 
0,-2.010163,-1.203610,-0.306898,-4.411487, 
0,-2.012674,-1.203486,-0.306692,-4.412278, 
0,-2.011424,-1.204109,-0.307285,-4.409380, 
0,-2.010193,-1.204475,-0.307269,-4.411102, 
0,-2.013069,-1.202098,-0.307648,-4.413840, 
0,-2.015008,-1.202505,-0.308629,-4.416897, 
0,-2.015744,-1.204094,-0.309475,-4.419528, 
0,-2.017216,-1.205083,-0.309927,-4.420667, 
0,-2.016370,-1.204731,-0.310263,-4.420865, 
0,-2.016008,-1.207141,-0.311370,-4.421884, 
0,-2.021819,-1.220209,-0.317509,-4.432942, 
0,-2.019961,-1.211245,-0.313597,-4.426758, 
0,-2.015231,-1.206119,-0.309839,-4.422356, 
0,-2.016584,-1.205788,-0.309257,-4.421838, 
0,-2.013788,-1.203018,-0.307494,-4.418559, 
0,-2.016897,-1.205748,-0.308404,-4.422630, 
0,-2.015069,-1.206529,-0.307667,-4.422500, 
0,-2.017018,-1.210927,-0.309929,-4.427718, 
0,-2.015588,-1.212076,-0.310342,-4.428690, 
0,-2.013512,-1.209451,-0.308609,-4.425513, 
0,-2.013472,-1.210838,-0.309806,-4.426256, 
0,-2.015158,-1.209782,-0.310305,-4.425822, 
0,-2.017370,-1.210307,-0.311420,-4.426679, 
0,-2.015883,-1.211567,-0.311489,-4.427381, 
0,-2.017182,-1.212248,-0.312276,-4.428949, 
0,-2.019632,-1.211734,-0.311402,-4.427959, 
0,-2.020094,-1.212881,-0.311325,-4.428260, 
0,-2.019217,-1.210845,-0.310421,-4.426885, 
0,-2.018361,-1.211103,-0.310932,-4.428037, 
0,-2.019029,-1.211759,-0.310846,-4.428932, 
0,-2.019543,-1.216701,-0.313664,-4.434363, 
0,-2.015891,-1.212851,-0.312146,-4.431297, 
0,-2.014516,-1.211561,-0.312038,-4.430227, 
0,-2.037445,-1.254549,-0.333870,-4.471192, 
0,-2.036646,-1.240922,-0.329948,-4.461399, 
0,-2.018367,-1.216833,-0.315618,-4.442370, 
0,-2.016852,-1.209466,-0.311611,-4.434478, 
0,-2.019875,-1.209013,-0.311702,-4.434740, 
0,-2.011178,-1.200064,-0.305544,-4.426197, 
3,-2.030388,-1.231368,-0.323623,-4.456249,"Analyte Added"
0,-2.040887,-1.248282,-0.331705,-4.475061, 
0,-2.044029,-1.249548,-0.336541,-4.481968, 
0,-1.985735,-1.154205,-0.285070,-4.381142, 
0,-1.987492,-1.150980,-0.280935,-4.377004, 
0,-2.025630,-1.221849,-0.316332,-4.442367, 
0,-2.021853,-1.215865,-0.312006,-4.433346, 
0,-2.023805,-1.222768,-0.312029,-4.437188, 
0,-2.027114,-1.242120,-0.317174,-4.450666, 
0,-2.020686,-1.253349,-0.314733,-4.449646, 
0,-2.019877,-1.271161,-0.315999,-4.453417, 
0,-2.017162,-1.279884,-0.314021,-4.450603, 
0,-2.019727,-1.301117,-0.315792,-4.456536, 
0,-2.022384,-1.320220,-0.316063,-4.460655, 
0,-2.024213,-1.336466,-0.317756,-4.465786, 
0,-2.024243,-1.350236,-0.317580,-4.467601, 
0,-2.024211,-1.360351,-0.317832,-4.468619, 
0,-2.024778,-1.373125,-0.318541,-4.472001, 
0,-2.024927,-1.383165,-0.320569,-4.474497, 
0,-2.025305,-1.390606,-0.321256,-4.475220, 
0,-2.023322,-1.398537,-0.321245,-4.476261, 
0,-2.019846,-1.408566,-0.321046,-4.475555, 
0,-2.020435,-1.415532,-0.320498,-4.476777, 
0,-2.022251,-1.418295,-0.321101,-4.478792, 
0,-2.021882,-1.422497,-0.321974,-4.481514, 
0,-2.022428,-1.426708,-0.321949,-4.483989, 
0,-2.022580,-1.432469,-0.322684,-4.486054, 
0,-2.025891,-1.433722,-0.321109,-4.487773, 
0,-2.029350,-1.436696,-0.321470,-4.490972, 
0,-2.028611,-1.443462,-0.322550,-4.493790, 
0,-2.027479,-1.447182,-0.322330,-4.496320, 
0,-2.025852,-1.453767,-0.323600,-4.497347, 
0,-2.021914,-1.460057,-0.323572,-4.496775, 
0,-2.023492,-1.466647,-0.325287,-4.501678, 
0,-2.022412,-1.457371,-0.320487,-4.494574, 
0,-2.033323,-1.470065,-0.326742,-4.508532, 
0,-2.028326,-1.464989,-0.324321,-4.501048, 
0,-2.026213,-1.466861,-0.323690,-4.499447, 
0,-2.025258,-1.466612,-0.323295,-4.498470, 
0,-2.027267,-1.466494,-0.322803,-4.497427, 
0,-2.026921,-1.468911,-0.323169,-4.497044, 
0,-2.025453,-1.470812,-0.323001,-4.497571, 
0,-2.023666,-1.472891,-0.320536,-4.497510, 
0,-2.023632,-1.475053,-0.318717,-4.499290, 
0,-2.024156,-1.478503,-0.320045,-4.502631, 
0,-2.024140,-1.479716,-0.321666,-4.504091, 
0,-2.025460,-1.479039,-0.322010,-4.505116, 
0,-2.026517,-1.478535,-0.323365,-4.507285, 
0,-2.026954,-1.479613,-0.325894,-4.509098, 
0,-2.026924,-1.481068,-0.325708,-4.510240, 
0,-2.027154,-1.484183,-0.325632,-4.512361, 
0,-2.026336,-1.484867,-0.327198,-4.511698, 
0,-2.025571,-1.484489,-0.327501,-4.512802, 
0,-2.024366,-1.486148,-0.324828,-4.514131, 
0,-2.026291,-1.486664,-0.325195,-4.517285, 
0,-2.028056,-1.487421,-0.326771,-4.518757, 
0,-2.027624,-1.488361,-0.327734,-4.519202, 
0,-2.026973,-1.489736,-0.327083,-4.519560, 
0,-2.028905,-1.491400,-0.326634,-4.522323, 
0,-2.033279,-1.491603,-0.325539,-4.524535, 
0,-2.032932,-1.493934,-0.326633,-4.526747, 
0,-2.031899,-1.496015,-0.327570,-4.526661, 
0,-2.032446,-1.493902,-0.326881,-4.525380, 
0,-2.029935,-1.496944,-0.327153,-4.525794, 
0,-2.026653,-1.500989,-0.326988,-4.524946, 
0,-2.028334,-1.499299,-0.327235,-4.524094, 
0,-2.029483,-1.496388,-0.327769,-4.521827, 
0,-2.030388,-1.494172,-0.325809,-4.520303, 
0,-2.032919,-1.492900,-0.325534,-4.521941, 
0,-2.033123,-1.493591,-0.326777,-4.524623, 
0,-2.033428,-1.495768,-0.327668,-4.525657, 
0,-2.032848,-1.498063,-0.326932,-4.526384, 
0,-2.033604,-1.497163,-0.327406,-4.528290, 
0,-2.035027,-1.495897,-0.329019,-4.529664, 
0,-2.034943,-1.496742,-0.328683,-4.526758, 
0,-2.037632,-1.496949,-0.328349,-4.528925, 
0,-2.039531,-1.496319,-0.328792,-4.530934, 
0,-2.040907,-1.494257,-0.328659,-4.530979, 
0,-2.040572,-1.495219,-0.328621,-4.533247, 
0,-2.041955,-1.499974,-0.331789,-4.538073, 
0,-2.040359,-1.494089,-0.328763,-4.533640, 
0,-2.040974,-1.495121,-0.328110,-4.535206, 
0,-2.041797,-1.497558,-0.328743,-4.537944, 
0,-2.041346,-1.498530,-0.328699,-4.536790, 
0,-2.040159,-1.499906,-0.329850,-4.537144, 
0,-2.041267,-1.504749,-0.331401,-4.542663, 
0,-2.038235,-1.502689,-0.330077,-4.540932, 
0,-2.038660,-1.503001,-0.331014,-4.541887, 
0,-2.039990,-1.500554,-0.330801,-4.542109, 
0,-2.038350,-1.504199,-0.331895,-4.541778, 
0,-2.034957,-1.506324,-0.332775,-4.542777, 
0,-2.035596,-1.505420,-0.333271,-4.544371, 
0,-2.034329,-1.507823,-0.333630,-4.544451, 
0,-2.034338,-1.508996,-0.332583,-4.544729, 
0,-2.036433,-1.508577,-0.332897,-4.547482, 
0,-2.035920,-1.509726,-0.332843,-4.548404, 
0,-2.035125,-1.511895,-0.333648,-4.550497, 
0,-2.036501,-1.511093,-0.334532,-4.552172, 
0,-2.038184,-1.509583,-0.334677,-4.554144, 
0,-2.040958,-1.507447,-0.335020,-4.554780, 
0,-2.039644,-1.509731,-0.336328,-4.555453, 
0,-2.038947,-1.511321,-0.335779,-4.555224, 
0,-2.038700,-1.511683,-0.334234,-4.554211, 
0,-2.039340,-1.511861,-0.333863,-4.553510, 
0,-2.040987,-1.510902,-0.332797,-4.553853, 
0,-2.041464,-1.511427,-0.333527,-4.555372, 
0,-2.040575,-1.512055,-0.333140,-4.554863, 
0,-2.040523,-1.511842,-0.332465,-4.553028, 
0,-2.040891,-1.511414,-0.332266,-4.551380, 
0,-2.042536,-1.508652,-0.331495,-4.551243, 
0,-2.043559,-1.507711,-0.331684,-4.552819, 
0,-2.041131,-1.508960,-0.334431,-4.554215, 
0,-2.039695,-1.511213,-0.337187,-4.554433, 
0,-2.040745,-1.510302,-0.334104,-4.551706, 
0,-2.042487,-1.507389,-0.334410,-4.551844, 
0,-2.042227,-1.507557,-0.334760,-4.552529, 
0,-2.040844,-1.510427,-0.335316,-4.555075, 
0,-2.040389,-1.512519,-0.335950,-4.556263, 
0,-2.041841,-1.510203,-0.336223,-4.555738, 
0,-2.040858,-1.511378,-0.335599,-4.556085, 
0,-2.041202,-1.511544,-0.333079,-4.555794, 
0,-2.041380,-1.511838,-0.334864,-4.558168, 
0,-2.044070,-1.512276,-0.335290,-4.556205, 
0,-2.044388,-1.513794,-0.336699,-4.560800, 
0,-2.041959,-1.516125,-0.336292,-4.562905, 
0,-2.042540,-1.516705,-0.335627,-4.563164, 
0,-2.045991,-1.514402,-0.336882,-4.565178, 
0,-2.047535,-1.514092,-0.336643,-4.566535, 
0,-2.047845,-1.515514,-0.336603,-4.567964, 
0,-2.048512,-1.516396,-0.337442,-4.569116, 
0,-2.048732,-1.516898,-0.337139,-4.567731, 
0,-2.049898,-1.516547,-0.336679,-4.567336, 
0,-2.048824,-1.517790,-0.337680,-4.568443, 
0,-2.048959,-1.518593,-0.338120,-4.569737, 
0,-2.047837,-1.521329,-0.339629,-4.572621, 
0,-2.046564,-1.521858,-0.339999,-4.573187, 
0,-2.048655,-1.520303,-0.339685,-4.573719, 
0,-2.049278,-1.521669,-0.340025,-4.574937, 
0,-2.049869,-1.521946,-0.340057,-4.575321, 
0,-2.053041,-1.520234,-0.338893,-4.574935, 
0,-2.054318,-1.519262,-0.339037,-4.575641, 
0,-2.053346,-1.520861,-0.339177,-4.574870, 
0,-2.053436,-1.520044,-0.337970,-4.573716, 
0,-2.051911,-1.520341,-0.337145,-4.573468, 
0,-2.052316,-1.519961,-0.339446,-4.575574, 
0,-2.050526,-1.522854,-0.340964,-4.575290, 
0,-2.048390,-1.524373,-0.339962,-4.574871, 
0,-2.049276,-1.525195,-0.339888,-4.576530, 
0,-2.050003,-1.528327,-0.341172,-4.578701, 
0,-2.052127,-1.527037,-0.341812,-4.580141, 
0,-2.051347,-1.525709,-0.343534,-4.581110, 
0,-2.049867,-1.527413,-0.343336,-4.581819, 
0,-2.051696,-1.526926,-0.342380,-4.581855, 
0,-2.053719,-1.524979,-0.341640,-4.582909, 
0,-2.055716,-1.525123,-0.342127,-4.582888, 
0,-2.057104,-1.524657,-0.342703,-4.581241, 
0,-2.057617,-1.522164,-0.342056,-4.580976, 
0,-2.054627,-1.522147,-0.340762,-4.579495, 
0,-2.053945,-1.523332,-0.340291,-4.580998, 
0,-2.055887,-1.521218,-0.341131,-4.580816, 
0,-2.056823,-1.518820,-0.342905,-4.581606, 
0,-2.054608,-1.519492,-0.341483,-4.579675, 
0,-2.054619,-1.519734,-0.339589,-4.579344, 
0,-2.054763,-1.520810,-0.341196,-4.582485, 
0,-2.057102,-1.517906,-0.343372,-4.582320, 
0,-2.055853,-1.518125,-0.341988,-4.580139, 
0,-2.054779,-1.519547,-0.340677,-4.580214, 
0,-2.053078,-1.522262,-0.341812,-4.582340, 
0,-2.051157,-1.523021,-0.343223,-4.584172, 
0,-2.050626,-1.524715,-0.344068,-4.584068, 
0,-2.053325,-1.521152,-0.343036,-4.581400, 
0,-2.054698,-1.519717,-0.343227,-4.582206, 
0,-2.052828,-1.522491,-0.343422,-4.584726, 
0,-2.051795,-1.524783,-0.341950,-4.585125, 
0,-2.056438,-1.522489,-0.341014,-4.586385, 
0,-2.057202,-1.523675,-0.343472,-4.588991, 
0,-2.056460,-1.526192,-0.344144,-4.590949, 
0,-2.056269,-1.527736,-0.344136,-4.592338, 
0,-2.058842,-1.526848,-0.342672,-4.593340, 
0,-2.059204,-1.528198,-0.343662,-4.595403, 
0,-2.058907,-1.528911,-0.346021,-4.597592, 
0,-2.057504,-1.529579,-0.345721,-4.598796, 
0,-2.059066,-1.529583,-0.346040,-4.600686, 
0,-2.059591,-1.529353,-0.345925,-4.601550, 
0,-2.058941,-1.534907,-0.347742,-4.605450, 
0,-2.050502,-1.520363,-0.340738,-4.590278, 
0,-2.071136,-1.550807,-0.356004,-4.622762, 
0,-2.074559,-1.550301,-0.358422,-4.623552, 
0,-2.061084,-1.528623,-0.347728,-4.602570, 
0,-2.053308,-1.519204,-0.341088,-4.590705, 
0,-2.056109,-1.524466,-0.344154,-4.593858, 
0,-2.057339,-1.526706,-0.346226,-4.595476, 
0,-2.061359,-1.526571,-0.347454,-4.597366, 
0,-2.064299,-1.532715,-0.351127,-4.603165, 
0,-2.059048,-1.526839,-0.347465,-4.596889, 
0,-2.062030,-1.527026,-0.347821,-4.600377, 
0,-2.061156,-1.525166,-0.345784,-4.598587, 
0,-2.062993,-1.527361,-0.347452,-4.601753, 
0,-2.063413,-1.526387,-0.347709,-4.601845, 
0,-2.061333,-1.531204,-0.347298,-4.603101, 
0,-2.061309,-1.532093,-0.347801,-4.603973, 
0,-2.060307,-1.531662,-0.348271,-4.602467, 
0,-2.060197,-1.529719,-0.346598,-4.600139, 
0,-2.065214,-1.527885,-0.345954,-4.601377, 
0,-2.068240,-1.525408,-0.347404,-4.604295, 
0,-2.069628,-1.525987,-0.348285,-4.605738, 
0,-2.068612,-1.524069,-0.347767,-4.603604, 
0,-2.066606,-1.527811,-0.348734,-4.604870, 
0,-2.069203,-1.532264,-0.350991,-4.609335, 
0,-2.070286,-1.528324,-0.349575,-4.606002, 
0,-2.071707,-1.525560,-0.349284,-4.605639, 
0,-2.068292,-1.524945,-0.347630,-4.604907, 
0,-2.067613,-1.528540,-0.349982,-4.606821, 
0,-2.068210,-1.531489,-0.351391,-4.609558, 
0,-2.069264,-1.528597,-0.351009,-4.608461, 
0,-2.070680,-1.529328,-0.353335,-4.610971, 
0,-2.069464,-1.532482,-0.353549,-4.613174, 
0,-2.069307,-1.532012,-0.352614,-4.612505, 
0,-2.071012,-1.529598,-0.352846,-4.612155, 
0,-2.071484,-1.529408,-0.352998,-4.612556, 
4,-2.068258,-1.528212,-0.351938,-4.612345,"Analyte Added"
0,-2.067120,-1.530225,-0.351303,-4.612048, 
0,-2.075406,-1.543596,-0.358511,-4.624723, 
0,-2.075405,-1.535809,-0.357773,-4.619953, 
0,-2.065281,-1.519105,-0.346972,-4.604107, 
0,-2.075466,-1.548956,-0.355947,-4.620988, 
0,-2.062348,-1.571572,-0.347874,-4.603161, 
0,-2.064934,-1.599008,-0.351962,-4.619648, 
0,-2.065064,-1.628404,-0.353338,-4.629409, 
0,-2.061507,-1.679868,-0.351600,-4.629732, 
0,-2.069855,-1.722688,-0.356831,-4.645681, 
0,-2.076655,-1.754047,-0.360709,-4.661127, 
0,-2.063524,-1.743090,-0.353252,-4.644309, 
0,-2.074645,-1.779436,-0.364376,-4.670475, 
0,-2.063927,-1.766305,-0.353881,-4.653993, 
0,-2.068794,-1.773568,-0.354934,-4.660565, 
0,-2.071438,-1.776911,-0.355844,-4.662316, 
0,-2.086579,-1.808718,-0.370784,-4.690920, 
0,-2.076675,-1.802123,-0.367228,-4.678374, 
0,-2.065397,-1.787672,-0.356529,-4.660140, 
0,-2.077733,-1.820518,-0.366946,-4.685533, 
0,-2.078609,-1.823335,-0.366461,-4.686849, 
0,-2.069326,-1.804741,-0.355889,-4.667685, 
0,-2.067716,-1.809748,-0.354829,-4.666476, 
0,-2.071397,-1.820892,-0.360320,-4.674821, 
0,-2.070974,-1.828757,-0.362825,-4.679013, 
0,-2.077783,-1.842455,-0.367513,-4.691849, 
0,-2.071985,-1.833722,-0.361341,-4.684131, 
0,-2.078218,-1.841988,-0.365844,-4.692320, 
0,-2.072689,-1.827216,-0.358266,-4.678335, 
0,-2.073604,-1.836498,-0.362384,-4.682101, 
0,-2.072204,-1.841697,-0.363063,-4.683870, 
0,-2.072480,-1.852752,-0.363685,-4.690627, 
0,-2.073421,-1.857576,-0.365317,-4.694661, 
0,-2.074836,-1.855582,-0.363403,-4.695352, 
0,-2.081952,-1.864712,-0.369011,-4.706577, 
0,-2.068414,-1.850082,-0.359712,-4.687849, 
0,-2.073795,-1.852140,-0.360035,-4.692497, 
0,-2.076152,-1.851923,-0.360798,-4.694893, 
0,-2.076099,-1.853189,-0.362747,-4.693631, 
0,-2.074053,-1.859902,-0.364078,-4.693992, 
0,-2.073153,-1.864331,-0.363369,-4.694787, 
0,-2.075935,-1.862379,-0.363327,-4.695356, 
0,-2.075515,-1.864407,-0.364897,-4.695333, 
0,-2.075050,-1.868653,-0.366552,-4.696177, 
0,-2.077696,-1.864850,-0.363905,-4.695679, 
0,-2.081018,-1.863705,-0.363307,-4.698500, 
0,-2.080512,-1.863391,-0.362941,-4.700514, 
0,-2.079879,-1.866959,-0.362367,-4.700772, 
0,-2.079772,-1.869272,-0.362524,-4.701014, 
0,-2.080579,-1.869545,-0.362156,-4.700130, 
0,-2.081487,-1.871108,-0.362163,-4.701186, 
0,-2.080609,-1.871572,-0.364285,-4.702107, 
0,-2.077732,-1.876929,-0.365972,-4.704946, 
0,-2.077843,-1.875868,-0.368257,-4.707410, 
0,-2.078779,-1.874513,-0.367579,-4.709082, 
0,-2.079961,-1.875406,-0.367367,-4.710424, 
0,-2.080689,-1.875247,-0.366826,-4.711093, 
0,-2.081044,-1.877758,-0.366433,-4.712456, 
0,-2.079984,-1.879607,-0.367902,-4.712990, 
0,-2.079032,-1.882449,-0.369706,-4.713141, 
0,-2.079211,-1.882252,-0.367010,-4.712148, 
0,-2.080008,-1.884219,-0.365561,-4.713978, 
0,-2.080260,-1.885528,-0.366635,-4.715817, 
0,-2.081481,-1.884314,-0.365505,-4.716175, 
0,-2.080810,-1.887028,-0.366919,-4.717030, 
0,-2.079524,-1.890367,-0.369193,-4.717621, 
0,-2.082691,-1.887243,-0.370064,-4.716630, 
0,-2.082078,-1.890078,-0.370764,-4.719647, 
0,-2.081205,-1.893002,-0.368639,-4.719920, 
0,-2.079630,-1.895957,-0.369376,-4.720786, 
0,-2.079985,-1.896019,-0.370286,-4.721339, 
0,-2.082333,-1.892818,-0.370333,-4.721518, 
0,-2.083955,-1.891313,-0.371435,-4.722086, 
0,-2.083818,-1.895333,-0.370726,-4.723652, 
0,-2.083573,-1.895516,-0.371085,-4.724079, 
0,-2.081010,-1.897861,-0.370368,-4.724524, 
0,-2.078923,-1.901321,-0.369214,-4.724659, 
0,-2.082060,-1.901101,-0.368267,-4.724185, 
0,-2.084129,-1.900073,-0.369822,-4.725663, 
0,-2.085234,-1.899032,-0.370373,-4.726411, 
0,-2.088097,-1.895485,-0.368738,-4.727224, 
0,-2.086841,-1.902031,-0.369252,-4.728517, 
0,-2.086713,-1.904790,-0.371299,-4.729673, 
0,-2.087559,-1.904546,-0.373994,-4.730045, 
0,-2.084454,-1.908183,-0.371585,-4.729224, 
0,-2.084873,-1.909369,-0.370256,-4.729899, 
0,-2.085560,-1.910322,-0.370508,-4.731406, 
0,-2.085551,-1.910907,-0.372893,-4.731941, 
0,-2.089082,-1.906023,-0.372869,-4.731966, 
0,-2.091633,-1.902240,-0.371460,-4.734139, 
0,-2.091780,-1.902510,-0.370778,-4.734618, 
0,-2.091118,-1.901584,-0.372213,-4.733275, 
0,-2.090234,-1.900541,-0.374143,-4.733350, 
0,-2.090076,-1.901690,-0.372728,-4.733070, 
0,-2.090342,-1.902969,-0.371548,-4.733592, 
0,-2.091430,-1.904424,-0.371262,-4.734260, 
0,-2.093038,-1.902561,-0.370327,-4.734355, 
0,-2.094185,-1.900722,-0.371187,-4.735165, 
0,-2.092822,-1.902944,-0.369682,-4.735722, 
0,-2.094361,-1.902974,-0.369226,-4.738351, 
0,-2.094325,-1.904695,-0.369971,-4.741223, 
0,-2.092058,-1.910313,-0.370895,-4.743097, 
0,-2.089432,-1.911357,-0.372847,-4.743974, 
0,-2.092565,-1.908288,-0.373370,-4.745578, 
0,-2.094211,-1.908533,-0.373903,-4.745605, 
0,-2.094115,-1.911924,-0.373860,-4.744976, 
0,-2.094912,-1.911959,-0.374496,-4.746212, 
0,-2.096260,-1.909133,-0.375839,-4.746695, 
0,-2.098351,-1.907296,-0.376425,-4.747765, 
0,-2.095936,-1.911584,-0.377042,-4.749011, 
0,-2.094639,-1.914233,-0.376846,-4.749818, 
0,-2.094754,-1.914301,-0.377399,-4.750598, 
0,-2.094390,-1.914733,-0.375690,-4.751639, 
0,-2.096189,-1.913475,-0.377214,-4.752163, 
0,-2.095413,-1.913906,-0.377423,-4.751782, 
0,-2.094505,-1.914566,-0.376490,-4.751938, 
0,-2.094984,-1.914328,-0.377552,-4.752684, 
0,-2.096320,-1.914327,-0.376044,-4.753174, 
0,-2.097162,-1.914250,-0.375134,-4.753688, 
0,-2.097614,-1.914911,-0.376302,-4.755044, 
0,-2.095754,-1.919243,-0.377026,-4.755457, 
0,-2.095969,-1.920354,-0.377414,-4.756298, 
0,-2.096901,-1.917352,-0.378462,-4.757060, 
0,-2.095094,-1.920292,-0.375843,-4.756797, 
0,-2.095397,-1.921209,-0.375130,-4.757340, 
0,-2.095951,-1.920921,-0.374425,-4.757812, 
0,-2.097808,-1.919819,-0.376447,-4.759005, 
0,-2.097325,-1.919123,-0.374790,-4.757891, 
0,-2.093384,-1.924992,-0.374620,-4.758179, 
0,-2.093787,-1.930472,-0.374575,-4.760032, 
0,-2.092321,-1.931580,-0.378590,-4.760521, 
0,-2.092349,-1.930947,-0.378223,-4.760423, 
0,-2.094372,-1.930147,-0.378096,-4.761933, 
0,-2.095268,-1.928752,-0.379706,-4.763278, 
0,-2.097409,-1.926233,-0.380425,-4.764948, 
0,-2.099450,-1.923551,-0.379335,-4.766423, 
0,-2.100023,-1.922823,-0.378975,-4.766270, 
0,-2.099904,-1.922236,-0.377139,-4.764028, 
0,-2.100343,-1.921689,-0.375957,-4.762602, 
0,-2.101120,-1.919153,-0.375535,-4.760654, 
0,-2.100467,-1.917644,-0.377084,-4.758165, 
0,-2.101400,-1.919799,-0.377339,-4.761128, 
0,-2.104365,-1.923972,-0.379721,-4.763166, 
0,-2.119102,-1.948255,-0.391231,-4.790567, 
0,-2.091209,-1.892594,-0.366642,-4.739807, 
0,-2.098512,-1.909982,-0.372981,-4.754528, 
0,-2.100255,-1.915403,-0.375755,-4.760276, 
0,-2.100383,-1.913965,-0.377364,-4.759691, 
0,-2.103391,-1.914824,-0.377429,-4.762867, 
0,-2.102368,-1.917452,-0.378060,-4.765756, 
0,-2.103362,-1.919061,-0.378848,-4.768706, 
0,-2.104532,-1.912538,-0.378322,-4.766152, 
0,-2.105941,-1.914415,-0.378290,-4.769418, 
0,-2.102698,-1.915247,-0.377472,-4.766879, 
0,-2.103122,-1.920198,-0.380807,-4.770770, 
0,-2.104388,-1.918854,-0.379541,-4.771611, 
0,-2.106091,-1.919940,-0.379727,-4.771236, 
0,-2.106326,-1.919497,-0.379314,-4.771136, 
0,-2.107272,-1.918063,-0.378656,-4.771027, 
0,-2.109178,-1.913087,-0.380916,-4.769918, 
0,-2.107878,-1.915197,-0.381228,-4.770131, 
0,-2.106992,-1.921903,-0.377827,-4.768989, 
0,-2.105778,-1.922022,-0.378212,-4.768458, 
0,-2.105379,-1.922340,-0.377699,-4.768264, 
0,-2.105223,-1.923716,-0.380534,-4.770086, 
0,-2.107604,-1.925341,-0.380193,-4.773744, 
0,-2.108182,-1.925212,-0.381160,-4.776374, 
0,-2.104366,-1.919705,-0.378677,-4.771027, 
0,-2.105611,-1.927338,-0.378945,-4.775282, 
0,-2.104682,-1.930334,-0.380388,-4.776667, 
0,-2.103642,-1.930470,-0.379715,-4.777155, 
0,-2.104375,-1.928913,-0.380665,-4.775803, 
0,-2.106377,-1.925738,-0.380577,-4.775406, 
0,-2.107164,-1.925805,-0.381991,-4.776759, 
0,-2.108819,-1.926404,-0.382008,-4.777594, 
0,-2.109297,-1.926160,-0.382234,-4.780277, 
0,-2.109719,-1.926415,-0.381801,-4.781217, 
0,-2.108828,-1.928640,-0.382677,-4.782213, 
0,-2.108196,-1.926934,-0.382944,-4.783072, 
0,-2.109059,-1.928595,-0.383593,-4.783252, 
0,-2.111002,-1.927340,-0.383001,-4.783193, 
0,-2.111281,-1.928100,-0.382986,-4.783659, 
0,-2.110793,-1.928638,-0.382143,-4.782931, 
0,-2.110630,-1.928752,-0.383181,-4.783407, 
0,-2.111033,-1.927699,-0.384163,-4.783432, 
0,-2.111080,-1.927784,-0.384397,-4.782377, 
0,-2.114600,-1.924208,-0.381836,-4.781637, 
0,-2.116773,-1.921711,-0.383191,-4.784441, 
0,-2.115972,-1.922381,-0.384949,-4.785900, 
0,-2.113327,-1.926693,-0.385347,-4.787025, 
0,-2.112746,-1.927145,-0.384722,-4.787445, 
0,-2.115373,-1.923377,-0.384358,-4.785498, 
0,-2.114856,-1.923074,-0.385361,-4.786486, 
0,-2.113441,-1.925261,-0.386575,-4.787092, 
0,-2.113365,-1.926616,-0.385511,-4.787583, 
0,-2.113533,-1.926276,-0.385621,-4.788118, 
0,-2.114767,-1.925905,-0.385437,-4.788964, 
0,-2.115768,-1.927076,-0.385911,-4.789600, 
0,-2.117136,-1.928539,-0.386637,-4.791162, 
0,-2.117871,-1.928449,-0.384812,-4.791837, 
0,-2.133727,-1.952341,-0.395776,-4.815765, 
0,-2.111402,-1.927425,-0.381485,-4.789457, 
0,-2.108954,-1.933088,-0.382577,-4.790117, 
0,-2.109367,-1.933810,-0.384744,-4.792581, 
5,-2.104990,-1.927951,-0.380614,-4.787097,"Analyte Added"
0,-2.109707,-1.927003,-0.382668,-4.788836, 
0,-2.123874,-1.943101,-0.393644,-4.807428, 
0,-2.135408,-1.952598,-0.400478,-4.820684, 
0,-2.115006,-1.917577,-0.385707,-4.781539, 
0,-2.124455,-2.010001,-0.379285,-4.785958, 
0,-6.845524,-5.909794,-0.608094,-4.828089, 
0,-6.516805,-5.567356,-1.647870,-4.977291, 
0,-5.338294,-4.873492,-1.438700,-4.979137, 
0,-5.852637,-5.015736,-2.127972,-5.368568, 
0,-6.741477,-5.054164,-3.763850,-5.732567, 
0,-7.263618,-5.225929,-3.901292,-5.774657, 
0,-6.878374,-5.257362,-4.078235,-5.816439, 
0,-6.958015,-5.451428,-3.967580,-5.793807, 
0,-7.399882,-5.696455,-3.913324,-5.848733, 
0,-7.451262,-5.775570,-4.393869,-5.948283, 
0,-7.506883,-5.871217,-4.456412,-5.975290, 
0,-7.629547,-5.923600,-4.506137,-6.004777, 
0,-7.669385,-5.968780,-4.587952,-6.045337, 
0,-7.682007,-5.999760,-4.628645,-6.092573, 
0,-7.681707,-6.015696,-4.740319,-6.137705, 
0,-7.710676,-6.034888,-4.773430,-6.153832, 
0,-7.736617,-6.067772,-4.784284,-6.177387, 
0,-7.749940,-6.099024,-4.797488,-6.201510, 
0,-7.771442,-6.124708,-4.815556,-6.226176, 
0,-7.785012,-6.144795,-4.841153,-6.247725, 
0,-7.795693,-6.164549,-4.844359,-6.265995, 
0,-7.814028,-6.186311,-4.831392,-6.285196, 
0,-7.831772,-6.207526,-4.891278,-6.319117, 
0,-7.853357,-6.227241,-4.931483,-6.331837, 
0,-7.866479,-6.245268,-4.921388,-6.343362, 
0,-7.871151,-6.262713,-4.923240,-6.359384, 
0,-7.881138,-6.278616,-4.944147,-6.376145, 
0,-7.894249,-6.290330,-4.965184,-6.391330, 
0,-7.907199,-6.302705,-5.004932,-6.404951, 
0,-7.908121,-6.314374,-4.999419,-6.412824, 
0,-7.926324,-6.343901,-4.979715,-6.441261, 
0,-7.928629,-6.339128,-4.984819,-6.440052, 
0,-7.931833,-6.351679,-5.013404,-6.453175, 
0,-7.943154,-6.366316,-5.003327,-6.464652, 
0,-7.949319,-6.374941,-4.999925,-6.474226, 
0,-7.954967,-6.384961,-5.027126,-6.489307, 
0,-7.957559,-6.393321,-5.051328,-6.501122, 
0,-7.966210,-6.403107,-5.045682,-6.510592, 
0,-7.980826,-6.413740,-5.053035,-6.522301, 
0,-7.974706,-6.419622,-5.079587,-6.534547, 
0,-7.981598,-6.427390,-5.080822,-6.543503, 
0,-7.985124,-6.434566,-5.087567,-6.553533, 
0,-7.986267,-6.439933,-5.082287,-6.562050, 
0,-7.981357,-6.444916,-5.075191,-6.572188, 
0,-7.989772,-6.449450,-5.095073,-6.581328, 
0,-7.993581,-6.454887,-5.121623,-6.590628, 
0,-7.990277,-6.458518,-5.133673,-6.601079, 
0,-7.990469,-6.463002,-5.113362,-6.606902, 
0,-7.998966,-6.469176,-5.119883,-6.616522, 
0,-8.006341,-6.474845,-5.151716,-6.627805, 
0,-8.005442,-6.479216,-5.154351,-6.634786, 
0,-8.011175,-6.484975,-5.150835,-6.643499, 
0,-8.012073,-6.488302,-5.156537,-6.651097, 
0,-8.034904,-6.506640,-5.185741,-6.673208, 
0,-8.033603,-6.508160,-5.180343,-6.679640, 
0,-8.013551,-6.496492,-5.141051,-6.672451, 
0,-8.014753,-6.500356,-5.162467,-6.684826, 
0,-8.013288,-6.494800,-5.172214,-6.682949, 
0,-8.020982,-6.501517,-5.162968,-6.690620, 
0,-8.023601,-6.506421,-5.167834,-6.699266, 
0,-8.016900,-6.509245,-5.175603,-6.707205, 
0,-8.016066,-6.509531,-5.197352,-6.716343, 
0,-8.015525,-6.510414,-5.195833,-6.722585, 
0,-8.020255,-6.513310,-5.183748,-6.729819, 
0,-8.014279,-6.510336,-5.199516,-6.738466, 
0,-8.028575,-6.518921,-5.171066,-6.745289, 
0,-8.028023,-6.522803,-5.176579,-6.752688, 
0,-8.027034,-6.525269,-5.188665,-6.760689, 
0,-8.033870,-6.528908,-5.195336,-6.766145, 
0,-8.038433,-6.532033,-5.203675,-6.771483, 
0,-8.042571,-6.535560,-5.212813,-6.776379, 
0,-8.040084,-6.536881,-5.217976,-6.780990, 
0,-8.033827,-6.537917,-5.201328,-6.786168, 
0,-8.032754,-6.539490,-5.188258,-6.791995, 
0,-8.037441,-6.541668,-5.184258,-6.797097, 
0,-8.042664,-6.544813,-5.175776,-6.801706, 
0,-8.043693,-6.545854,-5.189642,-6.807170, 
0,-8.043400,-6.546646,-5.206170,-6.812462, 
0,-8.042092,-6.545699,-5.216634,-6.817324, 
0,-8.042720,-6.545780,-5.217981,-6.823635, 
0,-8.042081,-6.548446,-5.195889,-6.830605, 
0,-8.034313,-6.545091,-5.200992,-6.834600, 
0,-8.030653,-6.542803,-5.218396,-6.840392, 
0,-8.034638,-6.544656,-5.208886,-6.845246, 
0,-8.039911,-6.546799,-5.192901,-6.850406, 
0,-8.038771,-6.547757,-5.210159,-6.856327, 
0,-8.039493,-6.550150,-5.206612,-6.862154, 
0,-8.043268,-6.548898,-5.225839,-6.867817, 
0,-8.042981,-6.549865,-5.216095,-6.870643, 
0,-8.044762,-6.552589,-5.182901,-6.873363, 
0,-8.047202,-6.554679,-5.182361,-6.880293, 
0,-8.043670,-6.554733,-5.191519,-6.885099, 
0,-8.043548,-6.554740,-5.192844,-6.889729, 
0,-8.041949,-6.553528,-5.213817,-6.896024, 
0,-8.040969,-6.553429,-5.232238,-6.901219, 
0,-8.043812,-6.554332,-5.232515,-6.904807, 
0,-8.038383,-6.553468,-5.218750,-6.907371, 
0,-8.035375,-6.552818,-5.206358,-6.912087, 
0,-8.034759,-6.550268,-5.221407,-6.916947, 
0,-8.034520,-6.549143,-5.226581,-6.920362, 
0,-8.031907,-6.549863,-5.201108,-6.924527, 
0,-8.033803,-6.549117,-5.209272,-6.930620, 
0,-8.036598,-6.546713,-5.243508,-6.936338, 
0,-8.043169,-6.549320,-5.249488,-6.939590, 
0,-8.036881,-6.550197,-5.232183,-6.943535, 
0,-8.033951,-6.551554,-5.241460,-6.951800, 
0,-8.034483,-6.549516,-5.245022,-6.955073, 
0,-8.037639,-6.550867,-5.224844,-6.958811, 
0,-8.033745,-6.550617,-5.228886,-6.964408, 
0,-8.039172,-6.550557,-5.215517,-6.965471, 
0,-8.037780,-6.550847,-5.210454,-6.970145, 
0,-8.037956,-6.552024,-5.198941,-6.975404, 
0,-8.038014,-6.551989,-5.216086,-6.980679, 
0,-8.034808,-6.551913,-5.207210,-6.982774, 
0,-8.039359,-6.551336,-5.194645,-6.985764, 
0,-8.033897,-6.548195,-5.218210,-6.992460, 
0,-8.037043,-6.548129,-5.207665,-6.996102, 
0,-8.038826,-6.550622,-5.199215,-6.999467, 
0,-8.038995,-6.548598,-5.224337,-7.004890, 
0,-8.041904,-6.550443,-5.219477,-7.009087, 
0,-8.041418,-6.550597,-5.208663,-7.014376, 
0,-8.034453,-6.548415,-5.221698,-7.019808, 
0,-8.040344,-6.550429,-5.235402,-7.023320, 
0,-8.041125,-6.551790,-5.229696,-7.024762, 
0,-8.041667,-6.551746,-5.216760,-7.027249, 
0,-8.046463,-6.551242,-5.213788,-7.029030, 
0,-8.042720,-6.548685,-5.238495,-7.033354, 
0,-8.042553,-6.550008,-5.218729,-7.036264, 
0,-8.038135,-6.549783,-5.197121,-7.039344, 
0,-8.045115,-6.551157,-5.195989,-7.042671, 
0,-8.044986,-6.550341,-5.219550,-7.046505, 
0,-8.040709,-6.549814,-5.220869,-7.050318, 
0,-8.047517,-6.550189,-5.230203,-7.053796, 
0,-8.049105,-6.551049,-5.228189,-7.057767, 
0,-8.039723,-6.549839,-5.207965,-7.061453, 
0,-8.034349,-6.546548,-5.211356,-7.066922, 
0,-8.034374,-6.544463,-5.210265,-7.070085, 
0,-8.036672,-6.544687,-5.214475,-7.074243, 
0,-8.033288,-6.543451,-5.234543,-7.078510, 
0,-8.029941,-6.541754,-5.221965,-7.081844, 
0,-8.033392,-6.540851,-5.228282,-7.087585, 
0,-8.031004,-6.540283,-5.235444,-7.092356, 
0,-8.029962,-6.539925,-5.235165,-7.095555, 
0,-8.031632,-6.541717,-5.218903,-7.098397, 
0,-8.037005,-6.543747,-5.208882,-7.101173, 
0,-8.034697,-6.542089,-5.207206,-7.103740, 
0,-8.033731,-6.542118,-5.202262,-7.106855, 
0,-8.038051,-6.542349,-5.203736,-7.108907, 
0,-8.044799,-6.542964,-5.211230,-7.112536, 
0,-8.050935,-6.543368,-5.228824,-7.115270, 
0,-8.041965,-6.541927,-5.225673,-7.118364, 
0,-8.035338,-6.541264,-5.218758,-7.122114, 
0,-8.030242,-6.539023,-5.227272,-7.125423, 
0,-8.032361,-6.538417,-5.208594,-7.127141, 
0,-8.031775,-6.537484,-5.200578,-7.129161, 
0,-8.035044,-6.537221,-5.189239,-7.129490, 
0,-8.040062,-6.535958,-5.203853,-7.132610, 
0,-8.036493,-6.536166,-5.206811,-7.136097, 
0,-8.031151,-6.534378,-5.209093,-7.140611, 
0,-8.029954,-6.531038,-5.225032,-7.143530, 
0,-8.024478,-6.528742,-5.227465,-7.145990, 
0,-8.025716,-6.527246,-5.216839,-7.149126, 
0,-8.018845,-6.522615,-5.225189,-7.151303, 
0,-8.017916,-6.522647,-5.186035,-7.153604, 
0,-8.015789,-6.520351,-5.173151,-7.157109, 
0,-8.028091,-6.520081,-5.192538,-7.157409, 
0,-8.029370,-6.522254,-5.201453,-7.162441, 
0,-8.028405,-6.523950,-5.194952,-7.168331, 
0,-8.035483,-6.531933,-5.205472,-7.179817, 
0,-8.078613,-6.598498,-5.255663,-7.253589, 
0,-8.071416,-6.587219,-5.255316,-7.262116, 
0,-8.014886,-6.514361,-5.174781,-7.181982, 
0,-8.023975,-6.531671,-5.200021,-7.204394, 
6,-7.992244,-6.481455,-5.184415,-7.159611,"Test Substance Added"
0,-7.989429,-6.475600,-5.158026,-7.148319, 
0,-8.016523,-6.507814,-5.173370,-7.180461, 
0,-8.018484,-6.511578,-5.185967,-7.187998, 
0,-8.020135,-6.512902,-5.187725,-7.192595, 
0,-8.021469,-6.513595,-5.174422,-7.196878, 
0,-8.021430,-6.515743,-5.168895,-7.199307, 
0,-8.020935,-6.515221,-5.168603,-7.201258, 
0,-8.015956,-6.513232,-5.168874,-7.203761, 
7,-8.018401,-6.512815,-5.153489,-7.206126,"END OF CALIBRATION"
